userId,movieId,rating
1,8967,4
1,12837,4
1,1370,3
1,593,4
1,767,4
1,10024,4
1,75174,5
1,41513,4
1,15256,5
1,4816,3
1,43593,3
1,320435,5
1,21972,5
1,81836,5
1,24,4
1,1372,3
1,4995,5
1,788,4
1,873,3
1,29917,4
1,40880,3
1,11202,4
1,12819,3
1,37834,3
1,32235,4
1,13282,5
2,4512,5
2,11113,3
2,1887,3
2,27205,4
2,16538,3
2,47452,5
2,747,5
2,421,5
2,111794,3
2,283445,4
2,1830,5
2,26916,3
2,4657,5
2,10615,5
2,44260,4
2,1251,5
2,3089,4
2,11812,3
2,86331,5
2,9702,3
2,1259,3
2,9515,3
2,9600,5
2,9902,4
2,11507,5
2,13389,3
2,78814,4
2,15092,3
2,9707,4
2,10391,5
2,83686,4
3,147767,4
3,9447,3
3,16323,3
3,25212,4
3,16869,5
3,7547,5
3,12400,5
3,168672,4
3,6877,4
3,35019,5
3,87421,3
3,10560,5
3,3040,4
3,84332,3
3,44770,3
3,55616,4
3,294254,3
3,7509,5
3,27360,4
3,10796,4
3,22488,4
3,137093,4
3,16651,3
3,4515,4
3,3981,4
3,783,3
4,9095,4
4,1547,3
4,10397,3
4,10806,3
4,10985,3
4,948,4
4,598,3
4,362765,3
4,2048,3
4,9282,4
4,118612,5
4,31246,4
4,46138,5
4,324668,5
4,42188,3
4,11066,3
4,9277,3
4,192134,4
4,14278,4
4,41144,3
4,218043,4
4,1892,4
4,101267,5
4,1550,4
4,616,5
4,9526,3
4,131631,4
4,175541,5
4,82654,4
4,291270,5
4,15556,5
4,546,4
4,68722,3
4,51384,5
4,9759,3
4,38303,4
4,84332,4
4,1024,3
4,14283,4
4,4806,5
4,13812,3
4,4951,4
4,103620,4
4,9626,3
4,146227,5
4,1245,3
4,1691,4
4,77332,4
4,13996,3
5,853,5
5,4951,3
5,41216,5
5,17709,4
5,76487,3
5,79940,5
5,14778,3
5,10136,3
5,1696,4
5,26379,5
5,171424,4
5,42807,5
5,28902,5
5,4944,3
5,246655,3
5,2976,3
5,2288,4
5,3682,3
5,38321,4
5,2105,3
5,9906,4
5,52462,5
5,20943,4
5,26389,4
5,17187,4
5,158752,5
5,41233,4
5,9280,5
5,9809,3
5,333355,3
6,9616,5
6,19724,5
6,2575,3
6,63006,5
6,2048,3
6,12277,5
6,6488,5
6,49951,4
6,50497,4
6,10731,3
6,21610,5
6,296943,4
6,19419,4
6,385636,4
6,24363,5
6,11342,3
6,133805,5
6,266647,5
6,41508,4
6,14914,5
6,680,5
6,887,4
6,86838,4
6,203833,5
6,3082,4
6,43418,3
6,7459,3
6,256274,3
6,184315,3
6,206647,3
6,42889,4
6,9286,4
6,26688,3
6,11113,3
6,30867,3
6,11870,4
6,10208,4
6,13960,5
6,17379,5
6,13079,5
6,293670,5
6,14202,4
6,13279,4
7,9016,3
7,291362,3
7,508,4
7,16991,3
7,162,5
7,1024,5
7,15394,5
7,127493,4
7,358451,4
7,11377,3
7,146269,3
7,2503,3
7,13006,3
7,38570,4
7,11876,5
7,5971,4
7,97614,3
7,14873,4
7,8292,5
7,33468,4
7,53457,5
7,101299,3
7,62402,4
7,87,3
7,11237,3
7,10696,5
7,13198,5
7,56715,3
7,367551,5
7,11529,5
7,35219,3
7,87093,3
7,9952,5
7,299245,3
7,10501,3
7,1985,5
7,8273,4
8,76338,4
8,1809,4
8,37786,4
8,34341,4
8,433715,4
8,709,3
8,4997,5
8,2453,5
8,345911,4
8,9096,4
8,38363,4
8,75986,5
8,16727,5
8,16028,4
8,19899,5
8,9691,4
8,44603,4
8,244403,4
8,12085,3
8,34106,5
8,293660,5
8,376004,5
8,393,4
8,9655,3
8,9350,4
8,16690,4
8,21355,4
8,9513,3
8,327,4
8,5137,4
8,7453,3
8,15074,4
8,10375,4
8,250546,5
8,13836,3
8,1645,5
8,10710,4
8,13158,3
8,10281,3
8,11969,4
8,8054,5
9,161,5
9,181533,5
9,14290,3
9,12155,3
9,83666,4
9,123553,5
9,24055,4
9,13460,4
9,370662,3
9,332411,4
9,6973,4
9,9598,3
9,33468,3
9,11826,3
9,323271,3
9,11066,5
9,9414,5
9,802,5
9,34417,4
9,22894,5
9,9036,3
9,70074,5
9,11459,3
9,27322,5
9,24748,5
9,2067,3
9,50875,3
9,24264,4
9,13335,4
9,1621,4
9,15186,5
9,300671,5
9,67675,3
9,94329,3
9,294600,4
9,331745,3
9,19904,5
9,42889,3
9,9644,3
9,433,3
9,37842,3
9,38778,3
9,206213,4
9,43306,4
9,10030,5
9,771,4
9,79587,3
9,10353,4
9,9662,5
10,9285,5
10,604,5
10,139715,3
10,1970,5
10,208763,3
10,10998,4
10,178862,4
10,16690,5
10,764,5
10,109091,3
10,1696,5
10,14462,5
10,10139,5
10,36648,3
10,9288,4
10,9398,3
10,8914,3
10,11954,5
10,1656,4
10,72358,3
10,17663,5
10,7347,3
10,550,5
10,6217,4
10,9476,4
11,378237,4
11,9517,3
11,17709,5
11,380733,3
11,76757,4
11,1683,3
11,62835,5
11,70875,4
11,13973,3
11,37694,3
11,188652,3
11,764,3
11,26390,5
11,44562,3
11,43630,3
11,17834,4
11,189711,5
11,703,4
11,17926,5
11,2619,3
11,115210,5
11,171424,4
12,10622,4
12,14729,3
12,35,4
12,49951,4
12,50357,3
12,40807,4
12,22051,3
12,365222,4
12,57089,4
12,8338,5
12,16614,3
12,20829,4
12,13074,5
12,34043,5
12,242575,3
12,18885,5
12,10735,3
12,4550,5
12,50942,3
12,85,4
12,10890,3
12,9918,5
12,950,3
12,13778,4
12,13090,4
12,27586,5
12,222250,5
12,279,5
12,11596,4
12,193,4
12,4248,5
12,38665,4
12,588,4
12,14112,5
12,39895,4
12,239566,5
12,6106,4
12,4474,3
12,4824,3
12,249164,4
12,1734,4
12,1865,3
12,83686,5
12,319910,5
13,3594,3
13,49051,3
13,13074,4
13,325140,3
13,332285,3
13,357837,4
13,29996,3
13,76492,4
13,189,5
13,9360,4
13,1103,3
13,14164,4
13,228203,3
13,43347,3
13,10269,5
13,46838,3
13,18191,3
13,10603,3
13,50698,4
13,801,3
13,10762,3
13,256274,3
13,2662,5
13,345003,5
13,5820,4
13,811,5
13,11980,5
13,271969,4
13,13853,5
13,235,3
13,1577,3
13,16858,3
14,19366,5
14,271185,5
14,15074,4
14,358451,5
14,80304,3
14,8536,4
14,9441,4
14,10022,3
14,2604,3
14,9472,4
14,13685,5
14,34099,3
14,228150,3
14,83770,3
14,18712,4
14,109443,5
14,10981,3
14,198062,4
14,2074,4
14,2567,5
14,18041,4
14,180,4
14,20391,3
14,198663,3
14,46705,3
14,172,4
14,85350,5
14,108346,5
14,8869,5
14,19265,4
14,19405,3
14,9383,4
14,38843,3
14,356483,4
14,12154,4
15,4248,4
15,16162,3
15,117942,5
15,288980,3
15,3472,5
15,10992,3
15,288,3
15,16888,4
15,51828,3
15,81390,5
15,11072,5
15,329440,5
15,306745,4
15,130150,4
15,57876,5
15,82675,3
15,8357,4
15,10416,3
15,1771,4
15,272724,4
15,22479,4
15,76341,4
15,601,5
15,38985,4
15,688,4
15,72766,5
15,1955,5
15,1262,5
15,118452,5
15,8195,3
15,9027,5
15,10822,5
15,1535,5
15,74465,3
15,13,5
15,63006,3
15,16857,4
15,169917,3
15,11446,5
15,10153,3
15,98369,3
15,11023,3
15,2044,3
15,96724,3
15,299552,3
15,9618,3
16,48572,4
16,1934,3
16,9930,4
16,23049,3
16,8584,4
16,9728,4
16,45958,5
16,57214,5
16,79161,4
16,116711,4
16,82700,4
16,19901,3
16,9495,4
16,22897,3
16,13491,3
16,204082,3
16,13154,3
16,194588,3
16,159014,3
16,10658,3
16,28211,4
16,64559,3
16,38579,4
16,18570,4
16,1587,3
16,239,4
16,135397,4
16,8469,3
16,29371,4
16,60307,4
16,52067,5
16,293660,5
16,8875,3
16,15373,3
16,112430,3
16,12228,3
16,254473,3
16,11400,5
16,12637,5
16,11,4
17,11529,4
17,18602,3
17,10159,4
17,17644,4
17,51540,3
17,157386,5
17,257211,4
17,8916,4
17,11683,4
17,47088,4
17,96238,4
17,2454,3
17,1073,3
17,14112,4
17,10393,3
17,12589,5
17,13596,5
17,2069,3
17,33196,3
17,10070,4
17,401,4
17,262504,5
17,222936,3
17,7509,3
17,15365,5
17,47452,5
17,1635,3
17,489,5
17,1690,3
17,304357,5
17,14325,5
17,58492,5
17,13362,4
17,23631,4
18,14434,4
18,161,4
18,19995,4
18,26371,3
18,11658,3
18,356841,4
18,5,5
18,5550,3
18,14033,4
18,15301,5
18,9950,4
18,17130,5
18,8141,3
18,573,5
18,14655,3
18,35944,3
18,152599,5
18,16617,3
18,14369,5
18,9455,5
18,196867,3
18,102651,3
18,366967,3
18,198062,3
18,9588,3
18,157847,4
18,2832,4
18,82696,4
18,75780,4
18,407887,4
18,18823,5
18,673,3
18,14299,4
19,10761,5
19,125123,5
19,11217,4
19,3040,3
19,11770,4
19,5550,5
19,33157,3
19,49948,4
19,11091,5
19,50357,4
19,10490,4
19,81796,5
19,29697,3
19,37737,5
19,205596,5
19,242166,4
19,8970,3
19,77987,5
19,71157,3
19,18074,4
19,88751,5
19,14834,3
19,258509,3
19,31166,4
19,361505,3
19,185567,3
19,15976,3
19,9916,5
19,25196,5
19,76,4
19,11342,4
19,8090,5
19,227783,3
19,1651,5
19,139948,4
19,71,4
19,2008,5
19,14191,4
20,1792,4
20,26371,3
20,6116,3
20,137094,3
20,294550,3
20,73937,4
20,621,5
20,295964,3
20,34941,3
20,179144,3
20,2486,3
20,177,5
20,293660,4
20,10425,3
20,584,3
20,9096,5
20,12573,5
20,4257,5
20,14139,4
20,56930,3
20,20391,5
20,1265,4
20,81836,4
20,26486,5
20,82693,3
20,9729,5
20,10873,5
21,80278,5
21,10414,5
21,10152,3
21,25975,4
21,244776,5
21,4107,4
21,206412,4
21,547,3
21,14578,4
21,6963,4
21,325789,4
21,9800,4
21,78705,4
21,52790,3
21,99861,4
21,11186,3
21,248,3
21,14161,4
21,15186,3
21,228326,5
21,10740,3
21,81390,4
21,58882,5
21,28665,3
21,33157,4
21,1885,5
22,1900,4
22,7979,4
22,11090,5
22,1402,5
22,46146,3
22,78698,4
22,42497,3
22,20857,4
22,39691,3
22,33157,4
22,10028,5
22,109418,5
22,29146,4
22,13827,3
22,9918,4
22,28053,4
22,122081,4
22,136835,5
22,14662,3
22,77987,5
22,22600,4
22,293646,3
22,9697,3
22,119458,5
22,773,4
22,321,4
22,8202,3
22,629,5
22,10022,5
22,55420,4
22,13922,5
22,11062,3
22,11308,4
22,73511,3
22,409,5
22,333355,4
22,6947,3
23,288,3
23,59967,3
23,41216,3
23,1255,3
23,291870,3
23,12779,5
23,278,4
23,8355,5
23,70435,4
23,10724,3
23,18701,4
23,22538,5
23,9826,5
23,1088,5
23,44718,3
23,10478,5
23,340816,5
23,46261,3
23,1934,5
23,87421,3
23,9823,5
23,1947,3
23,47933,3
23,8592,5
23,8285,4
24,9053,3
24,89325,3
24,50014,4
24,188161,5
24,10934,5
24,8373,3
24,18734,5
24,18239,3
24,39141,4
24,46252,4
24,7518,5
24,347764,3
24,58431,4
24,8055,5
24,141,3
24,16619,3
24,14,5
24,650,3
24,137321,5
24,272726,5
24,10068,4
24,9036,4
24,42151,5
24,9087,3
24,137347,4
24,16241,3
24,18360,5
24,185008,5
24,64807,3
24,16433,4
24,66025,4
25,10663,5
25,670,5
25,37985,3
25,2293,4
25,248,4
25,2567,5
25,33693,4
25,10625,5
25,2084,5
25,859,4
25,88036,4
25,20829,3
25,642,5
25,10480,4
25,10410,5
25,300168,4
25,28165,5
25,8011,5
25,2309,5
25,331592,5
25,10074,5
25,14392,3
25,10761,4
25,16871,4
25,13508,3
25,77950,3
25,22314,3
25,90369,3
25,86838,5
25,21355,3
25,1779,3
25,21334,3
25,324352,3
25,14292,5
25,59981,3
25,206647,4
25,21338,4
25,1497,5
25,14976,5
25,12163,4
25,9571,5
25,11778,4
25,5971,5
25,76493,5
25,9726,3
26,73937,3
26,89708,3
26,10876,3
26,27029,4
26,214756,4
26,26466,4
26,47933,4
26,2977,5
26,558,4
26,46261,4
26,1903,4
26,20857,4
26,14295,4
26,10796,5
26,105,3
26,283445,4
26,37718,3
26,86838,4
26,14014,4
26,82525,5
26,138697,3
26,14165,5
26,265208,3
26,11818,5
26,1250,5
26,10611,3
26,11661,5
27,118340,4
27,182291,5
27,245916,4
27,12,3
27,10956,4
27,266034,4
27,396152,5
27,13051,4
27,9678,5
27,241254,3
27,17709,4
27,9072,3
27,136797,3
27,137113,3
27,1621,5
27,55301,4
27,13025,5
27,8435,4
27,191714,5
27,9641,4
27,49471,4
27,15028,5
27,11137,5
27,10481,4
27,79120,3
27,60309,3
27,52067,4
27,257091,3
27,231576,4
27,27983,3
27,27582,3
27,40914,3
27,241554,4
27,45243,3
27,75674,4
27,13476,3
27,132316,4
27,34723,3
27,7874,3
27,34106,5
27,641,5
27,4474,4
27,26428,4
28,411,3
28,256591,3
28,4474,4
28,11208,5
28,157185,4
28,68728,3
28,25786,4
28,67913,4
28,39806,3
28,37985,5
28,11219,4
28,9697,4
28,66,5
28,26618,4
28,10223,4
28,8741,5
28,431,5
28,68812,4
28,9772,5
28,28121,5
28,131631,4
29,2207,4
29,116584,5
29,339984,5
29,260346,3
29,12612,5
29,53182,3
29,2395,3
29,99861,3
29,31867,4
29,646,5
29,317930,3
29,19585,5
29,641,4
29,13551,3
29,1880,3
29,5769,3
29,766,3
29,37137,3
29,10201,4
29,334,3
29,9598,3
29,9449,3
29,11247,3
29,84892,4
29,20055,5
29,10610,4
29,7978,4
29,22530,4
29,103328,3
29,84197,5
29,53256,3
29,12153,3
29,22345,4
29,139948,3
29,7459,4
29,9275,5
29,744,5
29,361159,5
29,45324,5
30,208134,4
30,109091,4
30,13121,5
30,82703,5
30,16205,5
30,8920,3
30,82675,3
30,10029,3
30,13158,5
30,35690,4
30,10985,5
30,16112,3
30,371690,3
30,147441,4
30,215881,5
30,24206,3
30,24266,5
30,9429,4
30,26390,4
30,22267,4
30,10073,5
30,10413,5
30,129,4
30,1572,5
30,77948,4
30,9689,5
30,9610,5
30,57119,4
30,18947,4
30,8645,4
30,4512,5
30,9374,4
30,10733,3
30,19724,5
30,24469,5
30,68727,4
30,857,5
30,20764,5
31,199373,3
31,670,4
31,280092,5
31,10477,4
31,147441,3
31,38778,4
31,116745,5
31,9388,3
31,27579,4
31,77156,4
31,253290,4
31,32274,4
31,205596,5
31,272726,5
31,3558,4
31,22894,5
31,9348,5
31,152,4
31,10074,4
31,2067,4
31,11457,4
31,10187,5
32,11470,3
32,22,3
32,585,4
32,12220,4
32,22479,5
32,11400,4
32,16241,5
32,14113,4
32,43653,3
32,33511,5
32,10592,4
32,357441,3
32,254472,4
32,8321,4
32,8914,5
32,1619,5
32,13673,5
32,38007,4
32,16300,4
32,152760,5
32,10629,4
32,14444,3
32,25636,5
33,16112,3
33,9513,4
33,10646,5
33,9982,3
33,31175,5
33,9899,4
33,393,5
33,37985,3
33,8204,5
33,8952,4
33,10527,4
33,9730,4
33,16608,5
33,14434,4
33,18405,4
33,4657,3
33,6961,3
33,7220,3
33,13909,5
33,24684,4
33,245916,4
34,40001,4
34,193613,4
34,78373,5
34,2621,4
34,11688,4
34,23069,4
34,1372,5
34,9793,5
34,20766,3
34,375950,3
34,23827,5
34,11507,4
34,225565,4
34,204922,4
34,293646,4
34,13090,5
34,314,5
34,3682,3
34,9355,3
34,185008,3
34,376004,4
34,14709,4
34,11361,4
34,77951,4
34,7326,3
35,19419,3
35,66942,4
35,257088,5
35,9672,5
35,44562,5
35,6071,5
35,9361,3
35,36355,3
35,660,3
35,13448,4
35,395766,4
35,224141,5
35,4858,3
35,269057,5
35,38223,3
35,9923,3
35,2300,3
35,273248,3
35,11624,4
35,71,5
35,1487,4
35,14736,3
35,10160,4
35,11615,3
35,242582,5
35,362765,3
35,664,5
35,46889,5
35,45612,5
35,203833,4
35,47452,5
35,6073,5
35,34584,3
35,801,4
35,128,4
35,927,3
35,10425,4
35,8489,5
35,11697,3
35,58224,3
35,13067,3
35,627,5
35,294254,3
35,66,5
36,9614,5
36,11354,3
36,2024,5
36,324668,5
36,49081,5
36,157,3
36,1907,4
36,8009,3
36,8358,5
36,232679,4
36,9962,3
36,60309,3
36,5,4
36,13919,3
36,4982,5
36,401,3
36,301365,5
36,3034,5
36,238603,3
36,2642,4
36,15301,5
36,766,4
36,37964,3
36,1817,4
36,68721,5
36,14317,4
36,4967,3
36,1429,3
36,13805,5
36,152,5
36,309809,5
37,10483,3
37,319069,4
37,392,5
37,27329,5
37,24575,3
37,10052,4
37,77156,4
37,2661,5
37,16232,4
37,13972,3
37,9686,3
37,75531,5
37,2687,3
37,14165,4
37,33693,5
37,46705,4
37,180383,3
37,13475,5
37,23069,3
37,508,4
37,39691,5
37,38093,3
37,11598,3
37,7451,5
37,50456,5
37,49951,5
37,604,4
37,640,4
37,4584,3
37,250902,3
37,43884,3
37,9821,4
37,138843,4
37,49049,5
37,65754,3
37,15556,4
37,84178,4
37,261023,4
37,22649,3
38,9623,4
38,8359,3
38,2122,4
38,10885,3
38,9279,5
38,47692,3
38,14164,3
38,58492,5
38,75174,4
38,58428,3
38,15624,4
38,2501,5
38,37799,4
38,52451,5
38,51052,5
38,1900,3
38,59860,4
38,77953,5
38,10523,3
38,44562,5
38,2577,3
38,119450,4
38,20761,3
38,49520,4
38,45272,5
38,9741,4
38,8247,3
38,292483,4
38,245700,4
38,84355,4
38,44555,5
39,5902,3
39,205596,5
39,14438,5
39,9344,4
39,13938,5
39,9981,5
39,10557,3
39,12454,5
39,296099,4
39,37056,5
39,9781,4
39,224569,5
39,2661,3
39,73937,5
39,8272,3
39,18206,3
39,121986,5
39,174362,4
39,320146,3
39,121,5
39,48231,5
39,194,3
39,8416,5
39,77156,5
39,244403,4
39,60599,5
39,206412,4
39,12403,5
39,616,4
39,2755,4
39,256962,4
39,262504,5
39,140300,5
39,9616,5
39,6106,3
39,22907,4
39,161795,4
39,27374,3
39,6479,3
39,24356,4
40,841,3
40,79694,5
40,2355,3
40,879,4
40,10528,4
40,37056,3
40,158011,3
40,8942,5
40,122917,4
40,42618,5
40,15070,3
40,9016,3
40,11013,5
40,1999,5
40,10184,3
40,10160,5
40,2976,3
40,68684,3
40,5759,5
40,9772,3
40,222649,4
40,11370,4
40,319910,5
40,37903,5
40,5516,5
40,23655,4
40,2288,3
40,199,3
40,72571,3
40,169,5
40,45153,4
40,44634,5
40,373314,4
40,7214,5
40,57201,3
40,14275,4
40,152742,5
40,1578,3
40,2539,3
40,679,5
41,10383,4
41,39691,3
41,32657,3
41,634,3
41,509,3
41,89861,3
41,50601,4
41,209263,5
41,176124,3
41,45138,3
41,9772,5
41,3170,5
41,9490,4
41,223485,4
41,11313,4
41,77931,5
41,357441,3
41,55903,5
41,1537,5
41,15256,4
41,43306,4
41,17431,3
41,9290,4
42,9880,3
42,9816,3
42,6950,4
42,79777,4
42,38317,5
42,30973,5
42,9800,4
42,152747,3
42,302688,5
42,57825,3
42,2009,4
42,65754,3
42,762,4
42,112937,5
42,16186,5
42,14799,3
42,10117,4
42,2255,5
42,9526,5
42,38358,3
42,36970,5
42,53182,3
42,1852,5
42,37950,3
42,3489,5
42,12106,3
42,173931,5
42,153518,5
42,22,4
42,13538,3
42,86304,4
42,75861,4
42,256924,3
43,94352,3
43,423,5
43,509,3
43,2084,3
43,13973,4
43,7453,3
43,14292,3
43,191714,5
43,283671,5
43,9978,5
43,17994,5
43,1648,4
43,10555,4
43,10218,5
43,44835,5
43,290391,3
43,5559,5
43,10192,3
43,312791,3
43,9388,3
43,27029,3
43,37985,4
43,347755,3
43,33693,5
43,205588,4
43,309919,5
43,318040,4
43,30309,4
43,318846,4
43,84197,3
43,37735,4
43,25195,5
43,1578,5
43,11827,3
43,795,5
43,166624,4
43,82695,3
43,323675,5
43,14811,4
44,6116,4
44,10528,4
44,10185,3
44,219,4
44,6964,4
44,10137,4
44,9029,4
44,11661,4
44,76170,4
44,45145,3
44,218043,4
44,46989,5
44,88005,4
44,283384,3
44,9716,5
44,11802,5
44,103328,4
44,40185,4
44,74510,5
44,1542,5
44,13515,3
44,299145,4
44,13495,3
44,10998,5
44,17709,3
44,29912,5
44,37165,4
44,10844,3
44,5174,3
44,10413,5
44,277519,5
44,12094,4
44,13909,4
44,8285,3
44,8409,4
44,102899,4
44,23827,3
44,8435,5
44,11359,4
44,2056,3
44,9312,3
44,9441,3
44,14544,3
45,40001,5
45,10070,5
45,138103,5
45,26466,3
45,302688,3
45,10563,3
45,65086,5
45,239,4
45,9944,4
45,2270,5
45,1246,5
45,16857,5
45,12838,3
45,242083,3
45,9693,5
45,11011,5
45,44564,5
45,80271,3
45,66942,3
45,10664,5
45,7979,4
45,242095,3
45,9487,5
45,188207,4
45,8675,4
45,274,3
45,4638,4
45,16353,5
45,226857,3
45,10386,5
45,222935,5
45,94352,5
45,16441,3
45,12155,3
45,277685,4
46,943,3
46,1370,3
46,130150,5
46,59961,3
46,228161,5
46,53862,4
46,75033,3
46,109431,5
46,13836,3
46,6877,3
46,152532,4
46,7191,3
46,11323,3
46,4824,4
46,329833,3
46,250066,3
46,10022,3
46,6415,5
46,16005,4
46,334,5
46,8870,5
46,6968,5
46,11257,4
46,70006,5
46,11456,5
46,158150,5
46,1927,4
46,9549,5
46,1588,3
46,10029,4
46,10982,4
47,22954,4
47,25209,3
47,84659,3
47,2312,5
47,10225,5
47,9763,3
47,194662,3
47,102651,5
47,1537,5
47,21283,5
47,36046,5
47,8078,5
47,50698,3
47,244403,3
47,13476,3
47,188166,4
47,3597,4
47,8409,4
47,9716,4
47,12703,5
47,21301,5
47,13673,3
47,31005,5
47,13250,5
47,8874,4
47,49047,4
47,241771,3
47,38303,4
47,7501,4
47,12117,3
47,16186,5
47,9896,5
47,50544,4
47,231,5
47,17578,3
47,25428,5
47,84204,4
47,347755,3
47,281189,4
47,2114,3
47,253412,5
47,470,5
47,78705,4
48,28,3
48,1523,4
48,228550,3
48,11190,4
48,11431,3
48,9675,3
48,12150,4
48,239678,3
48,544,4
48,39541,4
48,9291,5
48,44214,5
48,646,4
48,522,5
48,18777,3
48,51955,3
48,72086,4
48,36597,3
48,23330,3
48,4911,4
48,70006,3
48,227348,5
48,9570,4
48,11212,3
48,96721,5
48,1598,4
49,4858,3
49,137094,4
49,45658,3
49,84197,3
49,10184,3
49,18785,3
49,264656,3
49,4958,4
49,11456,3
49,246449,5
49,46705,3
49,63006,5
49,13649,5
49,9767,4
49,24126,4
49,10761,5
49,332567,5
49,38167,4
49,8359,5
49,7303,3
49,11093,4
49,38940,3
49,1970,5
49,13156,5
49,134371,5
49,78307,3
49,8489,5
49,45054,5
49,22479,3
49,30890,4
49,28053,4
49,347969,5
49,43546,5
49,157547,3
49,10385,4
50,19419,4
50,9095,5
50,6016,3
50,61752,3
50,38745,3
50,45658,5
50,10137,4
50,63492,5
50,680,4
50,13967,4
50,62764,4
50,43610,4
50,98557,4
50,18632,4
50,5820,3
50,3558,5
50,34099,5
50,2453,3
50,326284,5
50,8488,4
50,206284,5
50,26306,3
50,641,4
51,1901,3
51,11374,3
51,10225,3
51,32657,4
51,5491,3
51,142061,4
51,34106,3
51,22597,4
51,23367,5
51,14396,4
51,52015,3
51,262504,5
51,1412,5
51,73191,5
51,590,5
51,654,3
51,1639,3
51,1415,3
51,152,4
51,11426,5
51,9366,5
51,613,3
51,43595,4
51,14745,3
51,9906,3
51,206284,4
51,28902,4
51,26389,3
51,10866,4
51,11619,3
51,25784,3
51,325123,5
51,1366,3
51,55347,5
51,9360,3
51,5551,3
51,9702,4
51,13994,5
51,10913,4
51,277685,4
51,37950,4
51,10501,4
51,227306,5
51,1985,3
51,18869,5
51,10312,4
51,25983,5
52,38448,3
52,111794,5
52,13991,5
52,639,5
52,225886,4
52,1813,3
52,12289,5
52,1368,3
52,3179,3
52,333371,3
52,18487,3
52,5876,3
52,40505,4
52,2293,5
52,1893,3
52,1360,5
52,9573,4
52,242095,4
52,1165,3
52,470,3
52,8998,3
52,9517,4
52,49026,5
52,293644,3
52,10550,4
52,21311,4
52,421,3
52,12107,3
52,10279,4
52,77934,3
52,15745,5
52,11091,3
53,642,4
53,15568,4
53,765,4
53,60243,5
53,12220,3
53,65759,3
53,3902,5
53,40652,4
53,18570,5
53,11967,5
53,25132,4
53,26843,3
53,16690,3
53,10564,4
53,204082,4
53,23367,5
53,8328,5
53,43593,5
53,859,3
53,1792,4
54,324352,5
54,38757,3
54,11342,4
54,103328,4
54,39303,3
54,2604,5
54,231617,5
54,215918,4
54,8273,3
54,37842,3
54,9344,3
54,9327,5
54,57800,3
54,36584,5
54,14177,3
54,10663,5
54,10861,4
54,26602,5
54,26352,5
54,9737,3
54,157422,3
54,10184,5
54,11980,5
54,9793,3
54,10481,3
55,388,3
55,21801,5
55,6016,4
55,9294,4
55,25763,4
55,115210,5
55,9576,5
55,688,5
55,9042,5
55,32222,5
55,1979,3
55,14112,5
55,223485,4
55,11601,5
55,107985,4
55,13497,4
55,31932,3
55,1779,5
55,837,4
55,27582,3
55,13075,4
55,10385,3
55,13938,3
55,598,4
55,216015,4
55,55616,3
55,11688,3
55,15907,5
55,1852,3
56,10632,4
56,12183,3
56,48171,3
56,27205,3
56,16784,5
56,39037,3
56,312791,4
56,104,4
56,132344,4
56,147441,3
56,9422,5
56,12085,3
56,22825,3
56,10414,5
56,14351,3
56,23827,4
56,10410,4
56,654,4
56,44594,3
56,473,4
56,79698,4
56,10663,5
56,11109,3
56,950,3
56,297,3
56,36557,3
56,38778,4
56,30979,4
56,3049,3
56,11889,5
56,249164,3
56,7484,3
56,312113,5
56,140300,3
56,278,3
56,79777,5
56,44562,3
56,186935,5
56,71866,3
56,44896,4
56,1382,5
56,62213,5
56,13007,4
56,9702,4
56,40688,4
56,19316,3
57,227,5
57,39939,3
57,6968,5
57,285743,5
57,1808,3
57,24803,5
57,879,3
57,10377,4
57,23483,4
57,9502,4
57,51820,4
57,10132,3
57,9693,3
57,1792,5
57,64559,3
57,453,5
57,23988,3
57,38356,5
57,9027,3
57,294600,4
57,22970,4
57,766,5
57,12079,3
58,9893,4
58,11298,5
58,11051,4
58,10549,5
58,51828,5
58,663,5
58,152747,5
58,4348,3
58,9336,3
58,31203,4
58,1817,5
58,10472,3
58,9849,5
58,9422,3
58,24424,3
58,112430,5
58,255266,5
58,34016,3
58,2162,4
58,10719,5
58,24913,4
58,13389,5
58,654,5
58,13363,4
58,356216,5
58,39013,3
58,19255,4
58,378200,3
58,1581,4
58,34563,3
58,33676,5
58,783,5
58,24356,4
58,137955,3
58,230266,4
58,361398,4
58,978,4
58,42889,3
58,9276,3
58,1901,5
58,12109,3
58,10316,5
58,24021,5
59,19489,4
59,191714,3
59,78381,3
59,239897,3
59,9327,3
59,9665,4
59,13820,5
59,13967,4
59,24803,3
59,71676,4
59,241239,4
59,11128,5
59,25678,5
59,41317,5
59,109445,3
59,83770,5
59,11056,4
59,13856,3
59,14582,3
59,38303,3
59,26352,5
59,25353,3
59,118957,3
59,82679,4
59,29461,5
59,8975,5
59,8987,3
59,23742,4
59,43266,4
59,14557,3
59,103903,5
59,37028,3
59,16428,3
59,9783,5
59,27588,3
59,109443,5
59,18841,3
59,951,4
59,10625,3
59,260778,4
59,12192,5
59,8665,3
59,1535,5
59,9800,5
60,13685,3
60,16162,3
60,22804,3
60,12192,3
60,123678,3
60,159824,3
60,13536,4
60,19419,3
60,98557,4
60,10555,5
60,385736,3
60,328425,3
60,17403,4
60,68727,3
60,105864,4
60,146216,4
60,18516,5
60,1103,5
60,66025,3
60,86829,3
60,17710,3
60,14359,4
60,81796,4
60,8055,3
60,7453,5
60,9339,3
60,35073,5
60,72113,3
60,12704,4
60,44857,5
60,2756,4
60,787,4
61,36647,3
61,10803,4
61,9357,3
61,199,3
61,11190,5
61,4515,3
61,49529,3
61,188652,4
61,853,4
61,840,3
61,533,4
61,37931,3
61,10198,5
61,13849,3
61,11412,4
61,454,5
61,11812,4
61,274854,3
61,11499,5
61,7980,4
61,36955,3
61,188161,5
61,42807,5
61,334527,3
61,2013,3
61,3683,5
62,28,3
62,25113,3
62,62835,4
62,1777,5
62,240832,3
62,37842,3
62,25520,5
62,11431,5
62,2155,5
62,92182,3
62,17610,5
62,1439,3
62,61752,4
62,9302,3
62,10876,5
62,8271,3
62,72113,4
62,9489,4
62,18206,3
62,226458,5
62,2112,5
62,50698,4
62,343409,5
62,1417,5
62,37414,5
62,385383,5
62,44639,5
62,43959,5
62,37028,4
62,135595,5
62,14290,5
62,288927,3
62,38319,3
62,50601,4
62,17917,4
62,69382,4
62,385636,4
62,10073,4
62,26688,3
62,49047,3
62,2119,4
62,692,5
62,3509,4
62,8470,3
62,83666,3
62,7220,3
62,17186,3
62,195589,4
62,109417,4
63,11904,5
63,9945,3
63,272878,3
63,11812,5
63,334,4
63,10530,3
63,13649,5
63,10800,4
63,8836,5
63,23742,5
63,94348,3
63,131631,3
63,270487,4
63,97430,5
63,46829,5
63,10625,5
63,200,3
63,82525,5
63,21525,4
63,13173,5
63,30497,4
63,389425,5
63,174362,5
63,12621,4
63,66195,4
63,125490,4
63,235260,4
63,76285,4
63,22894,5
64,1858,3
64,302579,4
64,26710,5
64,11536,5
64,86331,5
64,2034,5
64,25763,5
64,198370,4
64,95,5
64,192136,4
64,9576,3
64,11240,5
64,11676,4
64,14292,4
64,20761,5
64,72207,4
64,27551,4
64,10987,4
64,49529,3
64,46838,4
64,12901,5
64,43949,4
64,4599,4
64,13908,4
64,18357,4
64,1542,3
64,16186,3
64,38033,4
64,714,4
64,109491,5
64,273481,3
64,11457,3
64,13510,3
64,14577,3
64,79694,4
64,36355,5
64,127560,5
64,9869,4
64,157185,5
64,18923,3
64,1619,4
64,19901,3
65,380,4
65,286939,5
65,773,4
65,10476,5
65,19644,5
65,13498,5
65,1537,4
65,74084,4
65,187017,5
65,86549,3
65,1642,5
65,50497,4
65,9922,5
65,19265,3
65,268171,5
65,158852,3
65,241254,3
65,27578,5
65,12245,3
65,13982,4
65,13688,4
65,10008,4
65,269057,5
65,318846,3
65,331592,3
65,117942,4
65,84401,5
65,8592,4
66,14396,5
66,85446,4
66,11219,5
66,319888,4
66,744,5
66,376004,5
66,675,3
66,16911,5
66,22530,4
66,14834,3
66,9381,3
66,184346,3
66,21208,3
66,2959,5
66,1996,3
66,76341,4
66,7870,4
66,38007,3
66,77459,4
66,12634,5
66,3595,3
66,10559,4
66,72105,5
66,10160,3
66,11282,5
66,76726,5
66,1369,5
66,714,4
66,11469,5
66,646,4
66,10218,3
66,26379,3
66,9273,3
66,19933,5
67,2501,5
67,13836,5
67,9495,5
67,101179,4
67,199933,5
67,261023,3
67,25704,4
67,28029,4
67,8293,5
67,9487,4
67,203801,4
67,124459,4
67,19,5
67,102382,3
67,16538,3
67,11027,4
67,13920,5
67,46420,3
67,18254,5
67,339408,4
67,9454,3
67,44413,4
67,6964,5
67,4953,3
67,10186,4
67,11954,5
67,14181,5
67,121986,3
67,20653,3
67,300706,3
67,10992,3
67,20862,4
67,4935,4
67,11096,5
67,310569,3
67,82525,3
67,783,3
67,9902,5
67,6217,5
67,10866,5
67,106646,3
67,86829,3
67,37737,3
67,86549,5
67,6016,5
67,13448,5
67,274479,4
68,9381,3
68,47889,4
68,9889,3
68,7512,5
68,606,5
68,106646,3
68,84204,4
68,24150,4
68,257932,4
68,46849,3
68,18777,4
68,43933,5
68,14474,4
68,79,5
68,20766,3
68,380097,5
68,14582,4
68,9045,4
68,11535,4
68,11199,5
68,598,5
68,4997,3
68,26673,4
68,326576,5
68,13279,3
68,64807,4
68,12138,3
68,87093,5
68,8913,3
68,16406,3
68,10545,3
68,25975,5
68,157185,3
68,9700,3
68,116745,4
68,10045,3
68,15992,5
69,14799,3
69,25643,4
69,5178,3
69,9882,5
69,2907,5
69,17820,3
69,11679,3
69,1865,3
69,11468,4
69,679,5
69,1907,3
69,12596,4
69,12246,4
69,10776,3
69,414,4
69,50497,4
69,291081,3
69,366967,5
69,10611,4
69,12838,5
69,83666,5
69,7288,5
69,43539,3
69,98,4
69,185567,4
69,15092,5
69,96238,5
69,118452,5
69,9760,4
69,11683,5
69,95755,5
69,18616,5
69,5279,4
69,9746,3
69,22479,4
69,55,3
69,72213,4
69,10159,4
69,595,5
69,98369,5
69,33870,3
69,385383,5
69,125052,5
69,9030,4
69,10047,3
69,9647,5
69,13150,5
69,8069,5
69,256740,5
70,844,5
70,9800,3
70,621,5
70,10198,4
70,1988,5
70,27004,3
70,20763,5
70,294600,5
70,380,3
70,1581,5
70,109431,4
70,45226,3
70,38970,3
70,2116,5
70,75986,4
70,824,3
70,188652,4
70,290825,5
70,11212,5
70,23049,3
70,19489,4
70,19901,5
70,226,3
70,82532,5
70,39541,3
70,4922,3
70,14113,5
70,10288,5
70,13811,4
70,11442,5
70,9087,5
70,68412,3
70,228967,4
70,85350,4
70,252680,3
70,87567,3
70,45791,4
70,352978,4
70,7347,4
70,290864,5
70,13405,3
70,2757,4
70,68735,4
70,12289,5
70,50359,3
70,13824,5
71,11561,5
71,606,3
71,27582,4
71,3489,5
71,13006,4
71,17926,5
71,106845,5
71,11321,5
71,73,5
71,1365,5
71,16433,3
71,1909,3
71,172391,4
71,10071,5
71,1265,4
71,127585,5
71,11287,4
71,5236,3
71,7345,3
71,14873,5
71,5966,4
71,20337,5
71,40963,4
71,580,4
71,2577,5
71,362105,4
71,14144,3
71,47692,5
71,38363,5
71,188166,3
71,10683,5
71,45153,4
71,22825,4
71,130150,4
71,4107,3
71,14369,4
71,11176,4
71,436,5
71,13991,5
71,9275,3
71,8416,4
71,11452,4
71,29461,5
72,10590,3
72,13132,3
72,335,4
72,339984,5
72,8952,5
72,342502,4
72,36658,5
72,512,5
72,14220,3
72,1452,4
72,20766,5
72,6933,5
72,25643,4
72,809,3
72,139715,5
72,9555,4
72,42109,5
72,10223,4
72,10184,3
72,1913,5
72,10592,3
72,49022,5
72,36819,4
72,22894,5
72,11302,4
73,468,5
73,27551,3
73,43884,3
73,24961,3
73,61337,3
73,202604,5
73,150689,3
73,11400,5
73,72207,4
73,11470,3
73,23618,4
73,2428,5
73,174,4
73,9567,5
73,335,3
73,10929,3
73,278348,4
73,44857,4
73,18045,5
73,228967,5
73,11313,3
73,241766,4
73,579,3
73,71,5
73,160588,3
73,3981,5
73,38153,4
73,249164,5
73,15800,5
73,11817,3
73,264644,5
73,14290,4
73,22805,3
73,147773,5
73,79587,4
73,20322,3
73,16441,4
73,10416,3
73,62,4
73,3082,5
73,38665,4
73,11258,5
73,77930,5
73,17187,4
73,22803,5
74,859,4
74,19898,5
74,8741,3
74,312113,4
74,500,4
74,60599,4
74,168,3
74,28353,5
74,19316,5
74,13411,3
74,57876,5
74,9624,5
74,118957,4
74,11451,5
74,3489,3
74,14778,4
74,24424,5
74,205126,5
74,43884,5
74,23988,4
74,380097,4
74,13027,4
74,231617,4
74,6947,4
74,17113,3
74,146198,5
74,272878,5
74,11577,3
74,97430,4
74,25769,3
74,1495,3
74,324352,5
74,38322,3
74,186,3
74,801,5
74,9600,3
74,14608,4
74,1970,4
74,6957,3
75,7451,3
75,57119,4
75,268920,4
75,10822,4
75,11551,3
75,14608,5
75,947,5
75,22538,3
75,10022,4
75,8197,4
75,10461,3
75,177677,4
75,8676,5
75,9434,3
75,22824,4
75,106845,4
75,9552,3
75,82654,5
75,24469,3
75,5689,5
75,222649,5
75,7303,5
75,59436,4
76,500,4
76,13201,5
76,19913,5
76,80278,5
76,13682,4
76,12193,4
76,14137,5
76,207,3
76,14283,5
76,76758,3
76,1266,5
76,11322,3
76,77495,4
76,10673,5
76,39269,4
76,360339,4
76,152599,5
76,26379,3
76,206563,5
76,8271,4
76,222649,4
76,3597,3
76,290391,5
76,27420,5
76,694,4
76,788,5
76,13673,3
76,211954,5
76,43434,3
76,46729,5
76,13938,4
76,62838,5
76,10664,4
76,69,4
77,14631,5
77,10800,5
77,9781,4
77,60307,4
77,18713,3
77,126319,3
77,98369,5
77,1597,3
77,87093,4
77,9358,5
77,209403,3
77,9513,4
77,1645,5
77,9552,3
77,91122,4
77,10364,5
77,43074,4
77,3594,3
77,45380,5
77,68179,3
77,6440,5
77,687,5
77,509,5
77,40658,4
77,48171,5
77,7942,5
77,86834,4
77,92635,3
77,309503,4
77,164558,3
77,87428,4
77,10047,5
77,70435,3
77,36419,3
77,10377,4
77,16617,3
77,11935,3
77,3509,4
77,306745,5
77,20770,5
77,11460,4
77,9594,4
77,43949,4
77,11004,3
78,26379,3
78,5822,5
78,2669,3
78,68684,3
78,133694,3
78,765,5
78,9089,3
78,116745,3
78,17379,3
78,639,4
78,2270,4
78,3489,5
78,4547,3
78,20455,5
78,105,4
78,347969,3
78,14202,4
78,769,4
78,328111,3
78,137113,4
78,146239,3
78,704,3
78,2290,3
78,68726,5
78,67660,5
78,199933,4
78,9782,5
78,44048,3
78,9286,3
78,171759,3
78,109445,4
78,84197,4
78,370464,5
78,32657,4
78,35,5
78,1546,5
78,16290,3
78,381902,4
78,13680,4
78,119458,5
78,1724,5
78,18530,5
79,1018,3
79,4011,5
79,35019,5
79,90369,5
79,9833,3
79,10528,4
79,8408,5
79,12279,5
79,35199,5
79,41733,3
79,10696,3
79,109091,4
79,121676,4
79,136797,5
79,1620,5
79,591,4
79,168672,4
79,2757,4
79,9700,4
79,67373,5
80,11199,3
80,13909,3
80,17139,5
80,4105,5
80,116741,3
80,11025,3
80,14823,3
80,20857,3
80,7341,5
80,41439,4
80,124459,4
80,38055,3
80,23069,3
80,13483,4
80,391,5
80,8841,4
80,9273,5
80,42109,5
80,285923,3
80,9702,3
80,987,5
80,175291,5
80,4912,3
80,242575,4
80,192210,3
80,22600,5
80,25196,3
80,10611,4
80,211086,4
80,507,4
80,9276,3
80,13788,4
80,11458,3
80,8987,5
80,423,5
81,157350,5
81,91070,4
81,14175,4
81,39451,3
81,297100,5
81,8329,5
81,11357,4
81,113406,4
81,10803,3
81,5236,5
81,18701,4
81,1961,3
81,2503,5
81,10461,4
81,180,4
81,109417,5
81,921,3
81,10428,3
81,8942,4
81,391,5
81,380097,5
82,24977,5
82,2009,4
82,37964,3
82,29406,5
82,253253,4
82,16523,4
82,1961,5
82,14156,5
82,44835,3
82,40963,5
82,22796,3
82,4935,3
82,10393,3
82,17339,3
82,25353,4
82,19997,3
82,287524,3
82,524,3
82,12621,3
82,11977,3
82,13001,4
82,27191,3
82,10577,4
82,300673,4
82,26672,4
83,249164,3
83,9012,4
83,171274,3
83,762,3
83,238,3
83,49527,3
83,57876,3
83,34314,3
83,215918,3
83,59728,3
83,8944,3
83,146203,5
83,11240,5
83,38,4
83,21208,5
83,36825,5
83,361505,4
83,71,4
83,1894,3
83,11058,5
83,2255,5
83,18869,5
83,44147,4
83,189711,4
83,35791,5
83,280381,4
84,43539,5
84,4944,3
84,13816,3
84,13824,4
84,10708,5
84,2266,4
84,1930,5
84,846,3
84,34723,5
84,84174,5
84,3482,5
84,41402,5
84,128,5
84,352978,4
84,209403,5
84,9672,5
84,51497,4
84,1051,5
84,13435,4
84,39939,3
84,10179,5
84,139715,3
84,9344,5
84,14655,3
84,26171,5
84,92635,3
84,9685,5
84,60421,3
84,29461,5
84,46503,3
84,59981,3
84,26518,5
84,954,5
84,238603,4
84,15365,4
84,10528,3
84,164372,4
84,244267,3
84,7350,4
84,244339,4
84,1975,3
84,7191,4
84,54580,5
84,220488,5
85,380097,3
85,1833,4
85,1907,4
85,10402,4
85,183894,3
85,28355,4
85,12610,4
85,15005,5
85,56292,4
85,6639,4
85,79120,5
85,22803,4
85,301748,4
85,146216,5
85,63006,4
85,10530,3
85,286565,4
85,9671,4
85,12212,5
85,36597,5
85,3933,3
85,8883,3
85,672,4
85,642,4
85,9644,5
85,2253,5
85,118,3
85,10545,5
85,22051,5
85,9473,4
85,347548,3
85,125052,4
85,370662,4
85,10895,4
85,11469,5
85,36557,3
86,11467,3
86,10774,3
86,91122,3
86,11551,3
86,316002,4
86,22820,4
86,76617,5
86,401,4
86,40494,4
86,51955,3
86,18602,4
86,10476,4
86,9893,4
86,955,5
86,582,5
86,201088,4
86,78373,4
86,12901,4
86,185567,3
86,15189,3
86,20,4
86,17182,3
86,17622,3
86,2280,3
86,157354,5
86,8780,3
86,26618,3
86,80585,5
86,58051,4
86,9623,4
86,2749,4
86,44943,4
86,20360,3
86,374461,5
86,18947,4
86,1830,3
87,157847,3
87,2787,4
87,176077,3
87,76163,5
87,193613,4
87,7548,4
87,244534,3
87,14396,4
87,4517,4
87,14778,5
87,210860,3
87,103663,5
87,68724,5
87,11232,3
87,45243,4
87,8285,5
87,12535,5
87,8011,4
87,710,3
87,3132,5
87,331190,3
87,20766,4
87,251321,3
87,205775,5
87,239678,3
87,259693,5
87,605,3
87,13363,4
87,423,5
87,66942,5
88,11667,5
88,34806,5
88,84318,3
88,1402,3
88,44564,5
88,17379,3
88,253290,5
88,11249,3
88,1934,3
88,9919,5
88,11901,3
88,18975,3
88,9916,5
88,27581,5
88,27582,4
88,279,4
88,11770,3
88,30497,5
88,25983,4
88,335,5
88,215211,4
88,8292,5
88,11560,3
88,881,5
88,76494,3
89,3489,3
89,18823,3
89,294272,5
89,14359,5
89,22556,4
89,8982,4
89,52520,5
89,12555,3
89,16351,3
89,293670,3
89,14655,3
89,97370,3
89,11836,3
89,10925,5
89,78705,5
89,627,5
89,9029,3
89,70074,3
89,25941,3
89,1894,4
89,1562,4
89,12257,5
89,354624,3
89,10167,5
89,198184,4
89,10895,3
89,330,4
89,57165,5
89,2155,5
89,9472,5
89,5528,5
89,62837,5
89,8592,5
89,16281,3
89,927,3
89,10923,3
89,2074,4
89,41439,4
89,347126,4
89,11665,5
89,47088,4
89,21338,5
89,84204,3
89,10052,3
89,21311,5
89,206563,4
89,6552,3
89,9678,5
89,11217,5
90,42888,5
90,308639,3
90,304357,5
90,37707,4
90,21765,4
90,17332,5
90,5689,5
90,10050,3
90,630,4
90,272693,5
90,8321,5
90,103328,4
90,334531,4
90,38363,5
90,50035,3
90,19899,3
90,14156,5
90,77,3
90,320146,4
90,49520,5
90,45612,5
90,10683,3
90,9026,5
90,14160,3
90,9689,5
90,9654,3
90,32275,5
90,9095,4
90,142061,4
90,4816,3
90,142132,3
90,49022,4
90,8814,3
90,11066,5
90,9488,5
90,9778,5
90,9366,4
90,16288,3
90,1491,5
90,44943,3
90,30596,4
90,26171,5
90,15647,4
90,2062,5
90,1599,5
90,65759,5
90,11601,4
90,9682,4
90,21283,4
91,2069,3
91,5255,5
91,10027,5
91,301325,3
91,58680,4
91,334527,3
91,671,3
91,5491,4
91,12437,5
91,73532,3
91,128,3
91,34152,4
91,26602,3
91,8587,4
91,850,5
91,41515,3
91,242166,4
91,675,3
91,14043,3
91,159824,3
91,92182,4
91,1710,3
91,49021,3
92,96238,4
92,325133,3
92,9963,5
92,71859,3
92,292,4
92,245846,4
92,347548,3
92,290370,5
92,1282,4
92,10013,3
92,15556,4
92,3580,5
92,9659,4
92,11560,4
92,11451,5
92,18041,5
92,601,4
92,810,3
92,78394,5
92,11979,4
92,68734,3
92,36355,5
92,13408,5
92,81390,4
92,46528,5
92,168259,5
92,12123,3
92,288927,3
92,9286,3
92,38153,3
92,342502,4
92,9825,5
92,674,5
92,177,4
93,15647,5
93,26672,4
93,4257,4
93,3049,4
93,10806,4
93,109428,3
93,15797,4
93,6963,3
93,30867,4
93,96724,4
93,71688,5
93,2675,5
93,2755,3
93,1989,5
93,34341,4
93,641,5
93,309503,5
93,2687,5
93,76349,4
93,8413,3
93,12704,5
93,239563,3
93,71547,3
93,10982,3
93,10358,4
93,226857,3
93,266034,3
93,9355,5
93,48382,4
93,10557,3
93,8961,5
93,329833,3
93,700,5
93,8367,5
93,426469,3
93,16112,3
93,174311,5
93,16096,3
93,35073,4
93,9493,5
93,9718,3
93,38319,4
93,58,4
94,115872,5
94,11509,4
94,346,3
94,37710,5
94,92635,4
94,16110,4
94,292,4
94,18533,5
94,4657,3
94,22972,5
94,40807,3
94,227156,4
94,11831,5
94,11324,3
94,2501,3
94,39013,3
94,9760,4
94,25248,5
94,254472,4
94,69382,5
94,11452,4
94,22327,3
94,36647,5
94,86834,4
94,10972,3
94,75656,3
94,253,4
94,181940,5
94,9942,4
94,533,4
94,10280,5
94,270487,3
94,39451,3
94,146239,4
94,11400,3
94,9092,3
94,22538,4
94,8416,3
94,9448,5
94,6479,4
94,119283,5
94,9678,5
94,240,4
94,9096,5
94,4513,3
94,29078,5
94,253412,4
95,9557,4
95,31932,4
95,12244,4
95,46415,5
95,8321,3
95,9306,5
95,10481,4
95,68718,3
95,7485,5
95,294512,5
95,36669,3
95,75674,3
95,46989,4
95,9434,4
95,308531,5
95,509,5
95,10528,4
95,14317,5
95,294254,4
95,9726,4
95,2959,5
95,8665,3
95,2292,4
95,5900,4
95,5172,3
95,50037,4
95,244339,5
95,9583,4
95,323270,4
95,188927,5
95,10353,5
95,4970,4
95,1989,3
96,14278,4
96,9032,3
96,9392,3
96,59917,4
96,188161,3
96,7443,5
96,2022,3
96,51052,5
96,10998,4
96,15670,5
96,9352,3
96,50035,4
96,199933,3
96,811,3
96,72207,4
96,10253,5
96,41154,3
96,9728,3
96,146216,4
96,606,5
96,7504,5
96,10925,4
96,26486,5
96,52449,4
96,2009,5
96,266856,4
96,10691,4
96,10027,5
96,4244,4
96,18162,5
96,38319,3
96,4970,3
96,40688,4
96,14623,3
96,137094,5
96,28353,4
97,14199,5
97,71552,3
97,18681,3
97,23069,3
97,17908,3
97,1024,4
97,11959,5
97,11229,4
97,62116,3
97,268920,3
97,5723,3
97,1777,3
97,11072,5
97,18126,3
97,2636,5
97,175555,3
97,39486,3
97,8885,3
97,10029,4
97,1619,3
97,43743,3
97,201088,3
97,13996,4
97,274167,3
97,40920,3
97,12182,4
97,9767,5
97,150211,4
97,8012,4
97,12093,5
97,985,3
98,14736,5
98,56601,4
98,42888,5
98,1901,3
98,103903,3
98,2289,3
98,149,5
98,17277,4
98,5689,4
98,211954,3
98,284296,3
98,9036,4
98,44718,4
98,11412,4
98,862,4
98,22538,3
98,356987,3
98,788,3
98,82533,3
98,84355,5
98,3078,3
98,6521,5
98,10395,3
98,15927,5
98,14202,3
98,27029,5
99,39780,3
99,39037,4
99,14114,3
99,5072,4
99,585,5
99,210577,5
99,9023,5
99,11467,4
99,289180,5
99,13072,3
99,1830,4
99,19995,5
99,26518,5
99,14,3
99,16620,5
99,9760,3
99,2786,5
99,49950,3
99,27995,3
99,31909,3
99,8909,3
99,9571,5
99,10743,5
99,96399,5
99,1996,3
99,84355,5
99,13092,4
99,9557,3
99,48138,3
99,6439,3
99,29426,4
99,11446,5
100,11576,4
100,14191,5
100,228550,5
100,24575,5
100,100402,3
100,1646,5
100,6519,5
100,10634,5
100,107811,5
100,796,4
100,6071,4
100,18276,3
100,57431,4
100,38843,5
100,248774,5
100,67911,4
100,1948,4
100,4011,4
100,4348,3
100,164372,4
100,9290,5
100,10947,4
100,246655,3
100,66195,3
101,46829,5
101,76649,5
101,27581,3
101,13816,3
101,20526,4
101,813,5
101,9809,3
101,20829,4
101,11702,3
101,377,4
101,816,5
101,264656,5
101,32456,3
101,362765,3
101,1428,5
101,244786,3
101,9598,3
101,22649,5
101,84175,5
101,16323,3
101,11212,3
101,157849,5
101,15644,5
101,75986,3
101,10208,3
101,52015,3
101,78381,3
101,20766,4
101,228326,4
101,12612,5
101,152760,5
101,39806,4
101,10069,3
101,23685,5
101,18925,4
101,7979,4
101,13166,4
101,612,4
101,84204,5
101,228161,5
101,10642,5
101,9306,5
101,262504,3
101,11956,3
101,10385,5
101,773,4
101,272724,4
101,14220,5
102,11354,4
102,2133,4
102,198062,3
102,447027,3
102,324668,5
102,67913,4
102,77495,5
102,41110,3
102,8780,3
102,11598,4
102,227975,3
102,26388,3
102,5176,4
102,48035,4
102,24055,3
102,245700,3
102,19419,3
102,10067,3
102,40805,3
102,23963,5
103,291362,4
103,323676,3
103,10390,5
103,19912,5
103,43266,4
103,114150,4
103,11458,3
103,8988,3
103,187017,3
103,84200,5
103,13516,5
103,44490,5
103,239,4
103,11066,4
103,74,4
103,34417,3
103,4935,4
103,11688,3
103,175291,3
103,38357,4
103,13809,3
103,13689,4
103,9952,3
103,254904,5
103,6439,5
103,646,4
103,3594,3
103,22007,5
103,11323,3
103,55903,4
103,21641,3
103,52790,5
103,841,4
103,210577,3
103,12277,3
103,232679,5
103,1250,5
103,24664,4
103,217,5
103,5994,4
103,11011,4
103,10331,5
104,96399,3
104,36811,5
104,786,5
104,62177,3
104,309,5
104,242083,4
104,11361,5
104,205587,4
104,14405,5
104,3050,5
104,18777,4
104,10930,5
104,10678,4
104,9335,5
104,10885,4
104,302579,5
104,15049,3
104,367551,4
104,15070,5
104,404,3
104,44943,5
104,41439,4
104,31867,5
104,2639,3
104,838,5
104,8741,5
104,40428,3
104,28902,3
104,1954,4
104,25388,3
104,49081,4
104,169,3
104,2185,4
104,38448,5
104,188652,4
104,80304,3
105,866,3
105,2454,4
105,323676,3
105,9616,4
105,8984,5
105,2789,4
105,44896,5
105,152599,4
105,10724,5
105,278,5
105,10802,5
105,74777,4
105,9762,3
105,10577,5
105,82703,5
105,162396,5
105,14536,5
105,10523,4
105,51384,3
105,24684,4
105,1901,3
105,107985,3
105,9434,3
105,333371,3
105,24264,3
105,13476,4
105,290864,5
105,10934,5
105,20520,4
105,2022,4
105,57825,3
105,7303,5
105,241259,4
105,9593,4
105,11529,3
105,102840,5
105,13183,3
105,5876,5
105,238615,3
105,21461,4
105,227,3
105,211954,3
105,273481,3
105,366967,3
106,60422,4
106,11866,5
106,20360,5
106,78,3
106,8854,3
106,907,3
106,10557,3
106,251,5
106,9035,3
106,1266,5
106,11090,4
106,259943,5
106,160588,4
106,15512,4
106,18736,4
106,21311,5
106,7944,3
106,56601,4
106,242512,5
106,327,4
106,34563,3
106,13807,5
106,24055,3
106,73191,5
106,8814,4
106,9257,5
106,36691,5
106,227306,5
106,157847,3
106,1951,4
106,712,5
106,2255,3
106,16614,5
106,1817,5
106,657,4
106,582,3
106,14435,3
107,94072,3
107,71469,3
107,25769,5
107,134411,5
107,13816,4
107,109091,5
107,47692,5
107,21765,4
107,19995,5
107,72213,5
107,3040,3
107,80,5
107,39303,4
107,264999,4
107,266857,5
107,10067,3
107,323677,4
107,407887,4
107,51384,3
107,11971,5
107,271718,3
107,9804,3
107,10764,4
107,13491,5
107,39210,3
107,44945,5
107,68412,4
108,87818,3
108,45958,3
108,9613,5
108,11702,3
108,12201,4
108,6933,5
108,39851,4
108,20322,4
108,62116,4
108,8197,5
108,68202,3
108,63020,3
108,29146,5
108,13501,5
108,6950,3
108,287948,3
108,11321,4
108,9637,4
108,245916,5
108,1833,5
108,11692,4
108,91076,5
108,44214,5
108,18442,5
108,11918,4
108,216282,3
108,1724,3
108,284296,4
108,21765,5
108,9718,4
108,7553,3
108,44413,5
108,557,3
108,45658,3
108,16337,5
109,700,3
109,860,3
109,31915,3
109,157847,5
109,8847,5
109,5550,3
109,1880,3
109,18147,3
109,83666,4
109,826,3
109,9821,3
109,24985,4
109,16388,4
109,13820,4
109,206563,3
109,35032,4
109,12245,3
109,9826,5
109,3049,3
109,50848,4
109,61337,4
109,85446,3
109,22327,3
109,14112,3
109,60307,3
109,227156,4
109,15070,4
110,59,3
110,22881,5
110,44603,5
110,7547,3
110,56666,4
110,15647,4
110,9919,3
110,1833,5
110,49026,3
110,318040,5
110,10339,3
110,324352,4
110,96238,5
110,8872,3
110,619,4
110,177572,3
110,1649,3
110,1586,5
110,1995,4
110,13498,3
110,46261,4
110,77987,4
110,264999,5
110,601,3
110,2989,4
110,20662,3
110,380097,3
110,1248,3
111,22102,4
111,365052,5
111,24100,5
111,10198,3
111,10646,3
111,10195,3
111,248774,4
111,816,5
111,279759,4
111,58431,3
111,284536,5
111,7735,4
111,4970,3
111,103620,5
111,2110,5
111,253331,4
111,8321,5
111,225565,5
111,290751,5
111,1435,5
111,8676,5
111,198185,3
111,225574,3
111,267860,3
111,210577,3
111,10071,3
112,26899,4
112,2295,4
112,8836,3
112,32856,3
112,49444,4
112,314,3
112,9616,4
112,15059,5
112,10762,4
112,65754,3
112,259943,4
112,11858,3
112,8988,4
112,39269,3
112,6023,4
112,13919,3
112,13025,5
112,297,3
112,20055,5
112,38570,5
112,109091,5
112,2009,3
112,10623,4
112,11400,5
112,13154,4
112,18570,3
112,6957,3
112,67373,4
112,773,5
112,702,3
112,14306,4
112,43959,4
112,859,5
112,38031,5
112,98,3
112,13056,3
112,11308,4
112,25975,3
112,403,5
112,24226,3
112,86331,5
113,577,4
113,49951,5
113,118340,3
113,11374,5
113,862,4
113,100,3
113,11170,5
113,299552,3
113,1729,4
113,299145,5
113,239571,3
113,17182,3
113,6687,3
113,10022,4
113,13448,4
113,18360,5
113,28932,5
113,17047,4
113,9392,3
113,46705,3
113,8619,3
113,97370,5
113,4584,4
113,132344,4
113,2289,4
113,10781,3
113,590,5
113,9870,3
113,136797,5
113,17644,4
113,72086,4
113,2486,5
114,6557,3
114,12479,3
114,9882,3
114,41402,4
114,9759,4
114,11284,4
114,10731,5
114,49963,5
114,157847,3
114,304410,4
114,11517,4
114,55465,5
114,41513,5
114,330770,4
114,16096,4
114,13785,5
114,285783,3
114,198184,5
114,157386,3
114,22971,4
114,9344,5
114,9610,3
114,36811,4
114,3595,4
114,203801,4
114,1495,5
114,364,3
114,15256,4
114,23759,4
114,17127,5
114,13187,5
114,9495,3
114,9441,4
114,385383,4
114,6488,5
114,14112,4
114,26710,4
114,414,4
114,9009,5
114,164372,3
114,85,4
114,640,3
114,339408,5
114,119450,3
114,13938,3
115,38031,5
115,15699,4
115,9975,5
115,8413,4
115,10386,5
115,15173,4
115,4476,5
115,3682,3
115,8818,5
115,12763,5
115,8193,3
115,12596,5
115,10395,4
115,429,5
115,9095,5
115,318040,3
115,25786,5
115,4523,4
115,12586,5
115,6968,5
115,11398,4
115,1164,3
115,253626,4
115,10987,5
115,26379,4
115,544,5
115,11456,4
115,14662,3
116,133698,3
116,8982,4
116,947,4
116,7301,3
116,29064,3
116,254128,4
116,39451,4
116,38415,5
116,192577,5
116,158015,5
116,10944,5
116,273481,4
116,642,5
116,1883,3
116,9713,5
116,9398,3
116,15745,3
116,100975,4
116,11400,4
116,12429,5
116,33870,5
116,15644,5
116,11042,5
116,20360,3
116,9009,4
116,10663,5
116,79698,3
116,9454,5
116,53862,3
116,43418,3
116,91721,5
116,277216,3
117,86838,4
117,102362,3
117,28089,4
117,118340,4
117,5708,4
117,7443,3
117,13121,3
117,10183,4
117,11451,4
117,693,4
117,9383,3
117,10225,4
117,10571,4
117,9884,4
117,3028,3
117,239563,5
117,8489,5
117,146198,4
117,464,3
117,13279,4
117,104,4
117,43074,4
117,279759,3
117,10481,5
117,46146,3
117,17795,3
117,12602,5
117,86837,3
117,11676,3
117,24748,4
117,10743,4
118,10673,4
118,11156,5
118,115872,4
118,8649,5
118,23618,4
118,3132,4
118,142061,4
118,12182,4
118,7548,5
118,10744,4
118,8338,5
118,4997,3
118,296099,3
118,8848,5
118,325173,3
118,157,3
118,332,3
118,1255,5
118,9515,5
118,48138,4
118,20322,4
118,9902,3
119,345911,3
119,15647,5
119,8818,4
119,838,4
119,47607,3
119,24264,5
119,152601,5
119,38321,4
119,87499,5
119,27569,4
119,64678,3
119,42684,3
119,60422,4
119,230266,3
119,12144,4
119,300168,5
119,244267,4
119,324352,5
119,47502,5
119,10528,5
120,323967,5
120,271331,4
120,9981,3
120,94352,3
120,244786,5
120,40652,4
120,35032,5
120,9587,5
120,11091,5
120,38093,3
120,193613,4
120,50546,5
120,1966,3
120,1586,4
120,32823,4
120,361398,5
120,58,3
120,28053,3
120,190847,3
120,9667,3
120,18892,4
120,87827,4
120,1246,3
120,46415,5
121,39563,5
121,5255,5
121,17332,5
121,16620,4
121,9400,4
121,12555,5
121,40494,4
121,10437,4
121,12154,5
121,11283,5
121,231617,3
121,241554,5
121,5822,3
121,14283,4
121,52067,4
121,34099,5
121,250066,3
121,217708,5
121,12177,3
121,69,3
122,79587,3
122,62764,5
122,10428,3
122,274,5
122,9008,3
122,287625,5
122,805,5
122,175541,4
122,6479,5
122,25769,3
122,19644,4
122,242083,3
122,1282,3
122,710,3
122,15189,4
122,117,3
122,14544,3
122,40428,5
122,19933,3
122,43546,3
122,43931,5
122,12770,4
122,7944,4
122,250066,5
122,343795,3
122,12509,4
122,14271,3
122,10661,4
122,1422,4
122,82690,5
122,11426,5
122,2395,3
122,63006,4
122,50942,4
122,4011,4
122,36691,3
122,20737,4
122,124459,5
123,11536,4
123,20616,4
123,407887,4
123,48309,3
123,43539,3
123,10514,5
123,157293,4
123,8839,5
123,72766,4
123,299145,5
123,6972,3
123,10353,3
123,6978,4
123,1710,4
123,8676,3
123,78149,4
123,26352,3
123,10998,5
123,12704,3
123,10646,4
123,4599,3
123,1996,4
123,22267,5
123,1999,5
123,1989,4
123,10388,3
123,9912,3
123,2251,3
123,44943,3
123,7552,3
123,219716,5
123,1809,5
123,10074,5
123,139998,5
123,11130,4
123,2211,4
123,7501,3
123,6106,3
123,23742,4
123,8293,3
124,36593,5
124,21355,3
124,9390,3
124,10501,5
124,72976,4
124,12437,4
124,50647,4
124,11545,3
124,266396,3
124,15239,4
124,19997,3
124,4258,4
124,37985,4
124,22832,5
124,231617,5
124,243,3
124,323967,4
124,38093,3
124,9869,4
124,8456,4
124,11622,5
124,25388,5
124,8780,4
124,140823,3
124,771,4
124,11983,5
124,38717,3
124,78814,4
124,1955,3
124,331,4
124,33468,5
124,39845,4
124,11257,5
124,15268,5
124,59457,4
124,89750,5
124,177,3
124,209274,5
124,72570,3
124,226,4
124,266856,5
125,20526,4
125,70,5
125,11690,5
125,9801,4
125,22215,5
125,11820,4
125,508,4
125,30979,4
125,1248,5
125,40920,4
125,309503,4
125,270487,4
125,367551,3
125,34769,4
125,35019,3
125,150689,5
125,10733,3
125,10557,5
125,11804,3
125,21512,5
125,39800,5
125,11892,5
125,429,5
125,4421,4
125,37799,3
125,6537,3
125,20178,3
125,612,3
125,13994,3
125,22804,5
125,1957,3
125,10215,3
125,744,5
126,2055,5
126,163,5
126,666,5
126,152742,5
126,296098,4
126,9469,3
126,10034,4
126,24662,5
126,7347,5
126,32740,3
126,11588,4
126,87093,3
126,8321,5
126,944,3
126,49520,3
126,10622,3
126,35199,4
126,5279,4
126,78149,5
126,32579,4
126,9440,4
126,72105,4
126,500,4
126,55779,5
126,134597,5
126,14199,5
126,13990,4
126,11531,3
126,22907,5
127,7942,4
127,12596,3
127,10229,4
127,1090,5
127,16871,3
127,9026,5
127,699,3
127,333355,5
127,10615,5
127,45132,5
127,10871,5
127,9095,4
127,82702,4
127,31915,3
127,93856,5
127,259694,5
127,24621,3
127,297100,5
127,10215,4
127,39513,5
127,142132,3
127,10315,4
127,1874,4
127,11507,3
127,1417,3
128,329440,5
128,98566,5
128,14576,5
128,12621,5
128,1591,4
128,26466,4
128,10471,5
128,788,4
128,1372,3
128,30890,5
128,10496,5
128,12211,5
128,10017,4
128,990,3
128,31246,3
128,4256,3
128,21724,3
128,11302,5
128,38093,4
128,43090,4
128,510,5
128,2779,4
128,13515,5
128,64720,4
128,14652,5
128,253450,5
128,8643,3
128,426067,4
128,66125,3
128,14022,3
128,101173,4
128,9372,4
128,23655,5
128,134,4
128,17795,3
128,12779,5
128,9950,5
128,29996,4
128,8012,3
128,787,5
128,621,4
128,30128,4
128,65749,5
128,4959,5
129,45138,3
129,49049,5
129,15045,3
129,1370,4
129,10935,5
129,11371,4
129,10307,4
129,13198,5
129,53953,5
129,26320,4
129,1090,3
129,8195,5
129,297100,3
129,1956,5
129,38810,4
129,9816,5
129,8273,4
129,640,5
129,27845,3
129,11565,4
129,356216,4
129,11411,3
129,36739,4
129,196,5
130,818,3
130,45243,3
130,300673,5
130,282128,5
130,8487,4
130,1687,4
130,37985,5
130,18405,4
130,287903,4
130,12079,5
130,9766,3
130,13411,4
130,272726,5
130,45791,3
130,68737,5
130,225565,4
130,76758,3
130,74643,4
130,285743,4
130,1430,3
130,280391,5
130,292481,5
130,10090,4
130,48620,4
130,12192,3
130,137106,5
130,4148,3
130,10414,4
130,562,4
130,5393,5
130,84401,3
130,57943,5
130,146216,3
130,11298,5
130,591,5
130,1382,5
130,214,4
130,24113,3
130,43593,5
131,71866,5
131,14325,5
131,157293,5
131,13898,5
131,11324,3
131,41154,5
131,29262,5
131,10550,4
131,52449,5
131,157336,4
131,11531,5
131,12193,5
131,8328,5
131,9754,3
131,9664,5
131,38745,3
131,98,4
131,192132,5
131,10054,3
131,4174,4
131,8914,5
131,79,5
131,262504,5
131,227348,3
131,270487,5
131,812,3
131,10691,5
131,106747,4
131,4012,3
131,159014,4
131,9955,5
131,14729,5
131,46889,5
131,17707,3
131,22102,5
131,14778,5
131,35691,5
131,18701,5
131,2112,3
131,4147,4
131,180383,3
131,32316,5
131,25975,5
131,257,3
131,272724,3
131,2749,4
131,14395,3
132,10748,5
132,8619,4
132,28355,3
132,9424,3
132,11843,4
132,365052,3
132,1248,3
132,2176,3
132,2636,4
132,4174,5
132,45145,3
132,3049,3
132,2288,4
132,39845,3
132,23367,4
132,691,5
132,11457,3
132,18892,3
132,17820,3
132,184374,3
132,18238,3
132,89708,4
132,9281,4
132,96721,3
132,13429,5
132,5759,5
132,824,4
132,381902,3
132,32823,5
132,10204,3
132,41469,5
132,13448,3
132,31582,3
132,38665,5
132,9457,3
132,100042,4
132,10944,3
132,198663,5
132,14014,5
132,11229,5
132,9849,4
132,102651,5
132,9903,3
132,74643,4
133,127493,3
133,534,4
133,314385,3
133,166424,4
133,51497,5
133,15647,4
133,9869,5
133,1402,4
133,22256,5
133,48217,3
133,228205,4
133,376659,3
133,14976,5
133,48620,3
133,58574,4
133,60243,4
133,322745,5
133,145220,3
133,9334,5
133,334,5
133,11096,4
133,1598,4
133,55,3
133,8617,4
133,10136,5
133,13937,5
133,6964,3
133,10331,5
133,2898,4
133,49013,3
133,1933,5
133,117263,5
133,11468,3
133,11648,5
133,31668,4
133,12100,3
133,8885,5
133,18823,5
133,11306,4
133,2162,3
133,11397,3
133,9424,5
133,9942,3
133,9715,5
133,12596,3
133,261023,3
134,783,4
134,10137,4
134,13496,4
134,274167,4
134,112430,3
134,1360,3
134,228550,4
134,13362,3
134,1690,5
134,12182,4
134,2162,4
134,174,4
134,9286,5
134,61752,5
134,43867,4
134,28178,4
134,17436,5
134,26486,5
134,24973,5
134,24575,4
134,404,3
134,629,3
134,9424,3
135,10183,3
135,123678,3
135,608,3
135,146,3
135,11983,4
135,12819,3
135,11232,3
135,74534,5
135,27022,3
135,10822,4
135,10201,4
135,184315,3
135,14043,3
135,287948,5
135,188927,3
135,36970,4
135,46256,3
135,24137,3
135,9982,4
135,175541,3
135,176,5
136,22971,4
136,44865,3
136,10391,3
136,288927,3
136,41469,3
136,9618,4
136,84329,3
136,29912,3
136,87729,5
136,11442,5
136,80468,5
136,4614,4
136,12690,3
136,7737,5
136,13816,5
136,161,5
136,14396,5
136,97630,3
136,127918,5
136,87,3
136,2280,4
136,783,4
136,118612,3
136,296,3
136,4244,5
136,8883,3
136,2310,5
136,480,5
136,2135,3
136,36739,3
136,20391,3
136,26665,5
136,1900,3
136,8051,5
136,11093,3
136,2907,3
136,10357,4
136,274854,3
136,19265,5
136,709,5
136,17610,3
137,307081,4
137,7859,4
137,1427,3
137,97630,3
137,22600,5
137,16643,5
137,76025,4
137,15927,3
137,49010,4
137,14283,4
137,225574,3
137,11969,3
137,109418,5
137,71805,3
137,1382,4
137,60400,4
137,28005,3
137,39833,5
137,8326,3
137,19419,3
137,9682,4
137,5038,3
137,11866,5
137,10012,3
137,86825,3
137,15208,5
137,666,3
137,42807,5
137,10913,3
137,343795,4
137,328387,3
137,346081,4
137,335874,5
137,627,5
137,24961,5
137,66025,3
137,13515,4
137,7873,5
138,9282,5
138,8413,4
138,27983,4
138,13475,5
138,6977,3
138,680,5
138,809,4
138,334074,3
138,34653,3
138,107985,5
138,55787,4
138,18079,5
138,5852,4
138,323677,5
138,37056,5
138,193610,4
138,990,5
138,18892,4
138,7510,3
138,9802,4
138,34335,5
139,134411,3
139,13006,4
139,158015,3
139,49049,4
139,35219,3
139,18238,5
139,12123,5
139,8841,3
139,43949,5
139,11546,4
139,62630,4
139,411,4
139,12163,3
139,10238,4
139,278,5
139,9930,3
139,49051,3
139,9312,4
139,38322,3
139,2925,3
139,157185,4
139,9276,4
139,1997,4
139,18602,3
139,9716,4
139,55123,4
139,193613,4
139,16558,4
139,425,5
139,360188,3
139,84200,4
139,12703,5
139,48572,4
139,60421,3
139,17610,3
139,250184,3
139,3040,4
139,4170,5
139,11632,4
140,39141,3
140,66767,3
140,45269,3
140,375290,5
140,347548,5
140,8988,5
140,21283,3
140,49963,3
140,8007,3
140,206213,4
140,293644,5
140,38033,3
140,67911,5
140,294600,4
140,24424,5
140,9716,5
140,4960,3
140,11404,5
140,335874,3
140,2024,5
140,2503,5
140,1018,5
141,6478,4
141,50848,4
141,139038,4
141,3170,4
141,10981,3
141,9381,5
141,9821,5
141,291081,5
141,48572,5
141,14220,5
141,19848,4
141,925,3
141,1125,3
141,253235,5
141,11679,3
141,278927,4
141,317930,5
141,24662,3
141,16186,5
141,81836,3
141,17047,4
141,266856,3
141,2604,4
141,7303,5
141,10366,5
141,62204,5
141,13805,5
142,76492,4
142,114150,5
142,55567,3
142,7516,3
142,174311,3
142,29064,5
142,83588,3
142,7453,4
142,290370,5
142,17202,4
142,1164,5
142,157336,5
142,1550,5
142,274479,4
142,18570,5
142,34341,4
142,9360,4
142,4477,4
142,55720,5
142,27420,3
142,9691,3
142,11699,3
142,136400,3
142,10984,4
142,10955,5
142,1850,4
142,3175,3
142,12596,5
142,9955,3
142,10184,4
142,1951,4
142,2895,5
142,10385,5
142,18885,3
142,7859,3
142,257344,3
142,70829,3
142,9472,3
142,8831,5
142,323271,4
142,282128,5
142,905,3
142,4967,3
142,39895,4
142,61791,3
142,5925,3
142,9588,5
143,68202,5
143,42889,5
143,19344,3
143,152760,3
143,10528,4
143,11598,4
143,7364,3
143,286939,3
143,1933,3
143,76706,5
143,16433,3
143,253290,4
143,71864,3
143,10402,5
143,1428,4
143,44115,3
143,8051,5
143,1593,3
143,9772,4
143,9034,4
143,8053,4
143,23759,4
143,238636,3
143,31867,4
143,11128,5
143,134411,3
143,60400,3
143,107985,4
143,2642,5
144,36670,5
144,78381,3
144,318850,5
144,103370,3
144,45317,5
144,15013,3
144,16340,3
144,8981,5
144,447027,4
144,44943,4
144,72545,5
144,17622,4
144,157849,3
144,16406,3
144,19405,4
144,1958,5
144,10028,5
144,10218,3
144,22794,3
144,12509,4
144,9782,4
144,1701,4
144,9842,3
144,2619,5
144,17795,5
144,1248,3
145,9894,4
145,268171,4
145,21355,5
145,8814,4
145,18885,3
145,44562,4
145,4960,5
145,7552,3
145,9291,3
145,31867,4
145,299245,5
145,44048,3
145,152601,5
145,13250,3
145,27723,5
145,109418,5
145,14729,5
145,11137,3
145,82690,4
145,51130,3
145,841,3
145,12154,5
145,12150,5
145,206647,4
145,34106,4
145,13490,5
145,175555,5
145,1979,3
145,24621,3
145,512,5
145,12658,3
145,18045,5
145,239678,5
145,188161,3
145,11172,4
145,10603,3
145,1123,5
145,375950,3
145,10448,4
145,4997,3
145,10390,4
145,1646,4
145,9022,4
145,19366,5
145,204922,3
145,8913,5
145,292481,3
145,1921,4
146,18808,5
146,315664,3
146,1548,4
146,16433,4
146,231,4
146,22007,5
146,9285,3
146,5176,4
146,239573,3
146,10535,3
146,319,4
146,10238,3
146,39254,3
146,15394,3
146,41479,3
146,179,5
146,31668,3
146,29595,3
146,13551,4
146,38579,3
146,67660,3
146,409,4
146,291,5
146,51052,5
146,10992,3
146,1164,5
146,80215,3
146,11983,5
146,913,5
146,16340,3
146,9566,3
146,9869,5
146,1428,4
146,37137,5
146,90,4
146,25678,5
146,83666,5
146,7220,5
146,13600,4
147,37003,4
147,328307,5
147,9531,4
147,3558,3
147,48309,5
147,22970,5
147,409,3
147,246449,3
147,187,3
147,680,5
147,921,3
147,1248,3
147,23706,4
147,84659,3
147,9737,5
147,19995,3
147,226486,3
147,72359,5
147,33909,4
147,18892,4
147,59961,5
147,87567,3
147,82675,3
147,137347,5
147,408429,4
147,10029,3
147,189711,5
147,25195,4
147,25643,3
147,13776,3
147,7347,5
147,11015,3
147,122906,4
147,96534,3
148,88794,4
148,8914,5
148,11153,4
148,11284,5
148,10991,3
148,2309,3
148,9336,3
148,13056,4
148,10218,3
148,250902,5
148,11184,5
148,129139,4
148,18616,4
148,1649,3
148,10136,4
148,2770,5
148,4032,4
148,20697,3
148,245,4
148,12658,5
148,80274,4
148,4251,4
148,371690,5
148,27578,3
148,2135,4
148,6877,3
148,18045,5
148,258489,5
148,9962,5
148,10894,3
148,68728,4
148,47816,4
148,9794,3
148,77953,5
148,1997,5
148,312791,3
148,329,3
148,10238,5
148,12227,3
148,58048,4
148,209451,3
148,1495,5
148,979,4
148,4638,5
148,4997,3
148,189711,4
148,38415,5
148,32823,3
148,23988,4
149,67911,5
149,13475,5
149,2011,3
149,239566,4
149,192141,4
149,72213,3
149,2789,4
149,70670,4
149,96721,4
149,125052,5
149,389425,5
149,157354,5
149,347969,5
149,6488,4
149,26039,4
149,6038,3
149,114635,5
149,241771,3
149,302699,5
149,10533,4
149,356987,3
149,19366,4
149,109445,4
149,1586,4
149,2575,5
150,21311,3
150,57294,5
150,9208,3
150,19153,4
150,19366,4
150,12596,4
150,2290,5
150,628,4
150,49040,4
150,10534,4
150,8292,4
150,9021,4
150,9550,4
150,13476,4
150,36351,3
150,7484,4
150,14139,3
150,36647,5
150,13523,5
150,278348,3
150,36648,5
150,116977,5
150,9824,4
150,16353,5
150,837,3
150,9291,4
150,296098,3
150,9271,3
150,8390,3
150,152742,3
150,43213,3
150,44912,5
150,8871,5
150,19724,5
150,34341,4
150,377,5
150,21301,4
150,38665,3
150,16112,3
150,297100,4
150,79940,4
150,15122,4
150,16869,4
150,109421,3
150,29015,5
150,10642,5
150,4553,4
150,39541,4
151,303858,5
151,38570,5
151,17577,4
151,17707,3
151,11596,3
151,6575,4
151,49040,3
151,10664,4
151,253412,4
151,61038,4
151,207769,5
151,11453,4
151,332,3
151,1640,4
151,11086,4
151,16433,3
151,88641,3
151,8874,5
151,73532,3
151,222899,4
151,1698,5
151,9452,3
151,45243,3
151,5708,4
151,1651,4
151,595,3
151,45054,3
151,597,3
151,11249,4
151,256740,4
151,14191,4
151,6114,5
151,2567,4
151,36657,4
151,19,3
151,17127,3
151,11001,3
151,10073,4
151,82703,4
151,9384,4
151,362105,3
151,6116,4
151,319,4
151,13536,5
151,10040,4
151,14295,3
151,787,3
151,157354,5
152,362105,5
152,276907,3
152,364,4
152,6639,5
152,112949,4
152,100975,4
152,84332,5
152,2637,5
152,987,4
152,30979,5
152,11386,4
152,49538,5
152,140300,3
152,116745,4
152,188207,5
152,97020,4
152,11426,4
152,4012,4
152,2698,3
152,347755,5
152,8090,3
152,216282,5
152,38093,5
152,98369,4
152,10876,4
152,16869,5
152,182873,5
152,9331,4
152,20009,4
152,10184,5
152,20829,4
152,550,5
152,45658,3
152,14395,4
152,78307,3
153,227719,4
153,226857,5
153,1546,3
153,182291,3
153,9587,4
153,5137,4
153,8545,4
153,7944,3
153,25983,4
153,54518,5
153,27191,5
153,1904,5
153,10707,4
153,82696,5
153,78373,4
153,57120,4
153,68818,3
153,8457,4
153,35688,4
153,15489,4
154,10208,5
154,2048,4
154,6795,3
154,158015,3
154,82650,4
154,11827,3
154,376004,3
154,41823,5
154,1958,5
154,24227,5
154,769,3
154,46261,4
154,2755,3
154,9493,4
154,10890,5
154,9566,5
154,46146,4
154,10202,3
154,9718,4
154,29371,5
154,361505,3
154,47889,4
154,17908,4
154,277,3
154,22,4
154,82702,5
154,11561,3
154,13121,5
154,9208,5
154,2207,5
154,56930,4
154,29912,5
155,127493,4
155,82679,3
155,13991,3
155,6947,4
155,4170,4
155,73247,5
155,9312,3
155,10844,3
155,9381,5
155,8944,5
155,26518,4
155,10220,5
155,346,5
155,3597,3
155,60422,5
155,44638,4
155,522,4
155,228161,3
155,2255,3
155,40920,5
155,4233,3
155,34069,4
155,370662,5
155,16388,4
155,47327,3
155,6477,5
155,11153,4
155,7451,3
155,62211,5
156,76349,5
156,125263,5
156,433715,3
156,14799,4
156,42888,3
156,10385,4
156,10734,5
156,4517,5
156,9567,5
156,22972,4
156,18079,3
156,10115,4
156,2290,4
156,8835,5
156,254473,4
156,77,4
156,157909,5
156,3291,3
156,37232,3
156,82507,5
156,41110,5
156,10996,4
156,16290,4
156,248402,5
156,9372,5
156,6623,3
156,300671,4
156,45272,5
156,17926,5
156,22794,5
156,1417,3
156,14306,5
156,496,3
156,32579,5
157,256274,5
157,2575,5
157,84200,5
157,22,3
157,284,3
157,202575,3
157,330,5
157,9746,5
157,158150,4
157,11217,4
157,9335,4
157,122906,3
157,243,5
157,225235,4
157,18,3
157,43213,3
157,2054,5
157,37137,3
157,1927,3
157,590,4
157,209112,5
157,621,4
157,9042,3
157,152532,3
157,34584,4
157,8780,4
157,194588,4
157,8839,5
157,13166,3
157,62206,4
157,3682,3
157,924,3
157,324322,4
157,10140,3
157,22971,3
157,232672,3
157,49950,3
157,16508,4
157,15581,3
157,188161,4
157,48289,5
157,389,3
158,10246,5
158,11543,5
158,32222,4
158,13363,4
158,801,5
158,13483,5
158,10994,3
158,1635,4
158,14057,3
158,13515,5
158,12207,5
158,1900,3
158,71469,3
158,9096,4
158,13448,5
158,50875,5
158,590,3
158,9813,4
158,31640,5
158,20697,4
158,13429,4
158,291081,4
158,12154,3
159,1585,3
159,18886,4
159,1883,4
159,30596,5
159,628,4
159,11778,3
159,9470,3
159,68721,4
159,226,3
159,12508,3
159,338,5
159,8699,3
159,18276,5
159,10712,5
159,52032,3
159,10535,5
159,244403,4
159,17187,4
159,13788,3
159,8913,5
159,256961,3
159,18238,4
159,11458,5
159,153518,3
159,98568,4
159,9804,3
159,158150,5
159,8358,4
159,34152,4
159,1562,3
159,13680,3
159,55720,4
159,13187,3
160,15028,5
160,10603,4
160,9030,4
160,4258,3
160,15186,4
160,7859,5
160,634,5
160,342521,3
160,345911,5
160,73873,4
160,41488,3
160,227707,4
160,10560,4
160,1895,4
160,1852,3
160,82990,5
160,2898,4
160,709,4
160,4379,3
160,14425,3
160,616,3
160,36691,3
160,20533,3
160,453,3
160,45269,4
160,40247,5
160,6538,3
160,134597,3
160,272724,3
160,236751,3
160,9705,5
160,10724,4
160,245,3
160,12123,4
160,688,4
160,10982,5
160,1402,5
160,14745,3
160,11971,3
160,9517,3
160,96534,4
160,14283,5
160,950,5
160,44092,3
160,10923,4
160,13990,4
160,10445,4
160,30867,3
160,10956,5
161,73937,5
161,1024,5
161,18937,3
161,57158,5
161,271185,3
161,21801,3
161,168,4
161,188166,3
161,51162,5
161,9728,4
161,10530,3
161,254904,4
161,13967,3
161,205588,5
161,16508,4
161,9533,5
161,157,3
161,37842,5
161,39541,3
161,84401,3
161,285783,3
161,12103,3
161,10207,4
161,12159,5
161,8247,5
161,652,5
161,20009,3
161,14120,4
161,204082,4
161,70875,5
161,10014,3
161,18602,3
161,113406,3
161,11561,5
161,503,3
161,30246,4
161,11093,3
161,11377,4
161,164372,4
161,13173,3
161,711,5
161,257088,5
162,16222,3
162,80035,3
162,10024,4
162,6537,4
162,45269,5
162,9821,3
162,13460,5
162,13476,4
162,132232,3
162,8849,4
162,35688,4
162,49852,4
162,679,3
162,9034,5
162,18777,5
162,8224,5
162,82695,4
162,1819,5
162,29076,4
162,71552,5
162,49026,4
162,278,3
162,239573,5
162,5125,4
162,16633,5
162,44896,4
162,1417,3
162,10629,5
162,202604,5
162,18892,3
162,58233,5
162,8987,3
162,10285,3
162,17709,5
162,10217,4
162,181330,3
162,9944,5
162,8009,5
162,24438,3
163,98549,5
163,13501,4
163,14317,5
163,844,3
163,14033,3
163,373314,4
163,10735,3
163,18841,3
163,10333,5
163,19848,3
163,284296,5
163,9671,3
163,129670,3
163,11342,3
163,93856,4
163,122081,4
163,22,4
163,61791,5
163,49047,4
163,306667,3
163,14854,3
163,9582,4
163,10762,5
163,50497,3
163,7305,3
163,1591,4
163,20391,3
163,78373,5
163,293644,3
163,26171,3
163,11802,5
163,414,4
163,61752,5
163,21641,4
163,44260,4
163,133805,4
163,8859,4
163,10140,4
163,22215,4
163,47327,3
163,17768,5
163,2662,3
163,2359,5
163,77948,3
163,20764,3
163,8408,4
163,9424,3
163,10637,3
163,5971,4
164,297,4
164,51162,4
164,10876,5
164,345911,3
164,106845,4
164,29920,4
164,20737,3
164,11056,4
164,332285,3
164,38985,4
164,17339,3
164,9754,4
164,10314,3
164,10999,4
164,24100,3
164,84892,3
164,426067,3
164,9799,3
164,9344,5
164,257087,5
164,20542,5
164,168530,5
164,165864,3
164,1635,4
164,12703,3
164,362105,5
164,11113,3
164,35689,3
164,14438,3
164,126186,3
164,20653,3
164,254128,3
164,888,5
164,13158,5
164,290555,4
164,10204,3
165,70478,3
165,291805,5
165,36095,5
165,1555,5
165,489,5
165,200,5
165,82507,3
165,38717,4
165,322,5
165,75033,4
165,11780,4
165,4349,5
165,9447,4
165,18632,5
165,2637,3
165,8090,5
165,385636,4
165,50037,4
165,3933,5
165,13972,4
165,9557,3
165,16072,3
165,21283,3
165,9707,5
165,1428,5
165,34813,3
165,18079,3
166,13483,5
166,19,4
166,9022,3
166,10537,4
166,11027,5
166,50014,5
166,792,3
166,709,3
166,12207,3
166,11153,4
166,14317,4
166,55787,5
166,80274,3
166,300706,3
166,431,3
166,11959,3
166,2253,3
166,35219,3
166,1584,4
166,17379,5
166,57825,3
166,15028,4
166,3580,3
167,4858,5
167,924,4
167,14396,5
167,6950,5
167,14444,3
167,3291,3
167,10012,3
167,254472,3
167,13909,5
167,865,5
167,58224,3
167,15511,4
167,49018,5
167,1717,4
167,8870,4
167,328425,4
167,39513,4
167,13682,5
167,39053,3
167,13429,3
167,250184,5
167,9488,3
167,17379,3
167,1246,3
167,1369,5
167,266647,5
167,53457,5
167,13776,5
167,10743,4
167,11253,3
167,9099,5
167,298584,3
167,339408,3
167,5503,3
167,76349,3
167,10956,5
167,10416,5
167,82631,5
167,20468,5
167,68718,5
167,58492,5
167,615,3
168,206197,4
168,16,3
168,13811,5
168,109443,5
168,12658,3
168,10549,4
168,19905,5
168,9716,3
168,18065,5
168,7347,4
168,302688,3
168,39939,3
168,121676,5
168,14435,4
168,116149,4
168,270946,5
168,30596,5
168,49950,5
168,70670,3
168,270554,4
168,325123,5
168,20468,4
168,79161,5
168,9728,5
169,321697,5
169,58882,5
169,346081,5
169,9697,5
169,264660,5
169,10390,3
169,15239,4
169,256092,3
169,38031,5
169,8976,4
169,10074,5
169,26352,3
169,9626,5
169,20483,4
169,20352,4
169,32235,3
169,42057,3
169,9879,3
169,299553,3
169,33196,3
169,1435,5
169,64639,5
169,65,5
170,10707,3
170,21349,5
170,14324,5
170,4011,4
170,12405,3
170,13991,5
170,1874,5
170,299687,3
170,2118,5
170,86829,5
170,244403,4
170,137955,4
170,400,5
170,535,4
170,8875,4
170,10603,4
170,862,4
170,74534,4
170,365052,3
170,12100,5
170,1887,3
170,9870,4
170,9954,5
170,9607,5
170,13937,3
170,957,4
170,281957,5
170,20857,3
170,325123,5
170,9096,3
170,8271,5
171,27569,4
171,17264,4
171,127560,5
171,144336,3
171,6552,3
171,1487,3
171,29427,5
171,24977,4
171,837,3
171,18240,3
171,1892,4
171,280391,4
171,80035,4
171,13538,3
171,9074,3
171,112949,4
171,118957,5
171,12602,5
171,9671,3
171,44835,4
171,634,4
171,374461,4
171,504,5
171,333355,5
171,1574,4
171,9331,4
171,9360,5
171,72190,3
171,2207,5
171,9806,3
171,65754,3
171,325373,5
171,14560,5
171,17708,4
171,2034,3
171,18191,4
171,76649,4
171,273481,5
171,280,4
172,264999,4
172,414,5
172,1950,4
172,14161,4
172,55779,5
172,36584,4
172,286217,5
172,888,4
172,16005,5
172,4638,4
172,293660,5
172,49013,4
172,9836,3
172,11888,5
172,9802,4
172,10066,3
172,1586,5
172,59967,4
172,20697,3
172,74457,5
172,539,5
172,52451,5
172,10199,3
172,109424,5
172,30379,5
172,346081,4
172,258509,4
172,497,4
172,841,3
172,11775,4
172,616,5
172,13223,5
172,18191,4
173,1639,3
173,42151,4
173,628,4
173,9946,5
173,12508,3
173,24226,5
173,347764,4
173,84174,4
173,18925,3
173,9715,3
173,606,5
173,109431,4
173,10330,5
173,256961,4
173,301351,3
173,9034,4
173,9095,3
173,14976,3
173,1073,5
173,200,4
173,11887,3
173,114,4
173,49471,3
173,285743,3
173,1947,4
173,255343,4
173,12279,3
173,228967,5
173,130150,5
173,9003,3
173,97630,4
173,8197,3
173,283686,5
173,82682,4
173,10184,3
173,10096,5
173,11011,5
173,72710,5
173,9271,4
174,10501,3
174,48620,4
174,160588,3
174,10800,4
174,23531,3
174,9045,3
174,297596,4
174,41630,3
174,9388,3
174,17995,3
174,215881,5
174,109418,3
174,22215,5
174,13156,4
174,20856,5
174,356841,3
174,12771,5
174,10802,4
174,1924,3
174,253235,5
175,13411,4
175,9268,5
175,12201,5
175,9487,5
175,23082,4
175,9903,3
175,17654,3
175,13700,3
175,5393,5
175,278316,4
175,69,3
175,10052,5
175,14112,4
175,38985,4
175,1255,3
175,10985,5
175,72359,3
175,50620,3
175,14114,5
175,2185,4
175,1366,5
175,10661,3
175,105,3
175,291805,5
175,889,5
175,116745,4
175,137,5
175,76706,4
175,175555,3
175,274854,4
175,8875,3
176,1273,5
176,6519,5
176,36593,3
176,360188,5
176,285,3
176,17917,3
176,17908,3
176,10068,3
176,218778,3
176,328425,3
176,9276,4
176,27205,5
176,10685,5
176,4953,4
176,9849,5
176,10022,3
176,10647,5
176,2026,4
176,14873,4
176,6538,4
176,9486,5
176,1956,4
176,18823,4
176,11598,5
176,16869,3
176,74725,4
176,4942,4
176,34101,5
176,47933,3
176,660,3
176,17708,5
176,18254,3
176,242575,4
176,75861,5
176,10028,4
176,9656,4
176,8065,4
176,10390,5
176,10375,5
176,41154,5
176,219716,5
176,14271,3
176,256917,4
176,4244,4
176,9802,3
176,169,5
176,252,5
176,8999,4
176,13260,5
177,169,3
177,8202,4
177,2661,3
177,209451,5
177,192210,4
177,25786,5
177,244534,4
177,253412,3
177,27451,5
177,188652,4
177,9490,5
177,2294,3
177,70436,3
177,57876,3
177,98566,3
177,11529,4
177,223485,4
177,2080,5
177,10934,3
177,956,3
177,84188,5
177,62677,4
177,16288,4
177,1639,3
177,10731,5
177,9043,5
177,7501,5
177,271331,5
177,7220,5
177,2067,3
177,302579,4
177,333355,3
177,290864,3
177,76649,5
177,186,5
177,10634,4
177,688,3
177,238,3
177,293863,3
177,350,3
178,29427,3
178,284536,3
178,11229,5
178,13191,5
178,22798,5
178,31908,3
178,9092,5
178,9087,4
178,56715,3
178,1573,4
178,11129,5
178,11228,3
178,196867,5
178,1493,3
178,764,5
178,157386,5
178,44113,4
178,138103,3
178,62215,4
178,9428,5
178,1833,5
178,400,4
178,86837,4
178,41283,5
178,14608,3
178,19840,3
178,119450,3
178,62206,4
178,8870,4
178,8982,4
178,71676,5
178,16428,4
178,12901,4
178,1933,4
178,55180,3
178,2756,3
178,32740,3
178,10357,4
178,9718,5
178,76757,4
178,19913,3
178,40505,3
178,102382,4
178,10285,5
178,9302,3
178,10712,4
178,146239,3
178,4995,4
178,19084,3
179,14662,4
179,26022,3
179,267935,3
179,10402,4
179,19840,4
179,4107,3
179,31005,5
179,243940,4
179,4944,5
179,12184,5
179,2123,5
179,2567,5
179,1809,3
179,159770,3
179,8328,3
179,300706,3
179,2428,3
179,13027,5
179,1586,3
179,82675,4
179,18405,3
179,355629,5
179,9022,5
179,17345,5
179,31163,3
179,68726,3
179,22913,5
179,227719,4
179,16617,4
179,2309,3
179,74536,5
179,9398,4
179,765,4
179,10786,4
179,8427,5
179,13856,3
179,24748,3
179,50546,5
179,248774,5
180,1817,4
180,152,4
180,2009,4
180,17182,4
180,10521,4
180,84401,4
180,87818,4
180,40963,3
180,38543,3
180,9823,4
180,10913,5
180,15581,4
180,11323,3
180,77948,4
180,34723,5
180,13812,3
180,2604,3
180,43434,5
180,72766,5
180,668,3
180,10923,5
180,1164,4
180,197,3
180,11287,3
180,25,3
180,9012,5
180,1499,5
180,10329,5
180,87729,5
180,492,5
181,12201,4
181,45054,3
181,82650,4
181,19084,3
181,209112,3
181,10472,3
181,10306,4
181,9647,3
181,21413,3
181,9526,3
181,2447,4
181,12312,3
181,28029,5
181,82525,5
181,568,3
181,10025,3
181,1619,5
181,50037,5
181,10563,3
181,286217,5
181,2503,5
181,82695,5
181,9672,3
181,176,5
181,99826,4
181,211954,5
181,12138,3
181,18616,4
181,308467,5
181,9645,4
182,3060,4
182,508,4
182,45153,4
182,222250,5
182,18357,4
182,44945,3
182,218,3
182,38985,4
182,1259,4
182,1819,3
182,1956,4
182,20322,5
182,27585,4
182,433715,3
182,3059,4
182,26843,4
182,12113,4
182,20542,3
182,14113,5
182,10336,5
182,10162,4
182,12405,4
182,10530,3
182,10314,4
182,31005,4
182,1273,4
182,204922,3
182,9806,5
183,13836,4
183,39013,3
183,121826,5
183,241251,4
183,45324,4
183,26672,4
183,14914,4
183,290391,5
183,1613,4
183,55123,4
183,10991,4
183,46195,3
183,1683,4
183,6519,5
183,225886,4
183,26367,5
183,11908,4
183,55,4
183,19419,5
183,36584,5
183,11892,3
183,32823,4
183,9667,4
184,121826,5
184,42109,3
184,117263,5
184,597,3
184,4547,3
184,1551,3
184,9944,3
184,10024,5
184,223485,3
184,558,4
184,2251,5
184,4256,4
184,957,3
184,35696,5
184,12149,5
184,333355,4
184,31909,5
184,26390,4
184,215211,5
184,768,5
184,5255,5
184,316727,4
184,244403,3
184,14112,3
184,71157,3
184,13596,5
184,15800,5
184,10501,5
184,10681,5
184,9675,4
184,13075,4
184,12192,5
184,106845,5
184,70829,3
184,267860,4
184,11025,3
184,119450,4
184,9504,4
184,57943,4
184,123678,3
184,19556,3
184,9516,4
184,364083,5
184,1213,3
185,76494,4
185,205584,5
185,99861,5
185,1593,3
185,8838,3
185,5900,3
185,45650,5
185,1391,4
185,242582,5
185,2135,5
185,21074,3
185,14538,3
185,42151,5
185,10156,4
185,18533,4
185,11351,5
185,824,3
185,10588,3
185,15092,3
185,9327,4
185,310569,3
185,26673,4
185,6615,4
185,261,3
185,29339,3
185,51828,5
185,268,5
185,9986,3
185,19908,4
185,41733,5
185,142,3
185,20083,4
185,30979,4
185,41317,3
185,185008,4
185,11237,3
185,9022,4
185,75638,5
185,9731,4
185,10013,3
185,75174,5
185,11370,5
185,65,5
185,219,5
186,608,4
186,40658,5
186,39806,3
186,62008,3
186,10391,3
186,468,5
186,49520,3
186,1824,5
186,8850,3
186,49517,4
186,80035,3
186,9059,4
186,9007,5
186,196867,5
186,34335,3
186,10696,3
186,9654,5
186,928,5
186,25678,3
186,66025,5
186,38810,4
186,12096,4
186,41515,3
186,11397,3
186,21972,4
186,65055,3
186,147767,4
186,2610,4
186,9045,3
186,41402,5
186,309503,3
186,47816,3
186,272724,3
186,192210,3
186,2211,3
186,8536,4
186,2140,5
186,585,4
186,362105,5
186,54054,4
186,1931,3
187,19405,3
187,137321,4
187,55561,3
187,11377,3
187,19994,4
187,9428,4
187,1734,4
187,22970,4
187,73873,3
187,838,3
187,46415,5
187,13193,4
187,11509,3
187,33468,3
187,36739,5
187,15237,5
187,12819,5
187,269057,3
187,11956,3
187,40185,4
187,184346,5
187,253235,5
187,208763,5
187,672,4
187,1891,4
187,52067,3
187,256591,5
187,329,5
187,64639,5
188,82631,5
188,24575,5
188,48382,3
188,166424,3
188,686,5
188,9839,5
188,11892,4
188,267860,5
188,62215,4
188,1640,3
188,346081,5
188,11260,3
188,51162,5
188,50538,5
188,16351,3
188,12211,5
188,13990,5
188,8676,5
188,6477,3
188,380097,4
188,10385,5
188,14411,3
188,43595,4
188,603,4
189,331190,3
189,10585,5
189,11202,4
189,15074,4
189,40880,5
189,11165,4
189,13496,3
189,64807,5
189,13972,5
189,59457,5
189,5852,3
189,4960,3
189,41894,4
189,39800,5
189,10664,3
189,8293,5
189,9396,5
189,128,3
189,29193,4
189,11363,5
189,56288,5
189,21512,5
189,13497,4
189,60400,4
189,10861,5
189,11109,4
189,29426,3
189,127867,3
189,9975,5
189,25983,4
189,9367,3
189,12437,5
189,203801,5
189,12621,3
189,2119,4
189,63492,4
189,268917,5
189,70875,3
189,34099,4
189,6557,5
189,21724,5
189,821,5
189,1771,5
189,10054,3
189,11891,5
189,187017,3
189,31246,3
189,14438,3
189,256591,4
190,15092,3
190,10331,4
190,11820,3
190,14220,4
190,25312,4
190,309,3
190,129670,5
190,91314,5
190,11818,4
190,26602,5
190,928,3
190,27578,5
190,54138,3
190,2320,4
190,324668,4
190,9957,3
190,331190,3
190,35689,5
190,1824,5
190,1422,3
190,25209,4
190,220488,5
190,9919,5
190,41436,3
190,20065,5
190,16769,3
190,14113,4
190,6537,4
190,57214,5
190,9801,3
190,473,4
190,45269,5
190,277,3
190,38167,3
190,20483,4
190,72197,4
190,709,3
190,10024,3
190,44562,3
190,185008,4
190,13173,4
190,20337,3
190,25195,3
191,13075,4
191,4517,5
191,38365,3
191,14,4
191,13197,3
191,834,5
191,7859,4
191,181940,5
191,10588,4
191,927,3
191,2675,4
191,11323,3
191,1266,4
191,88751,4
191,11026,5
191,12271,5
191,21345,3
191,244772,5
191,11904,4
191,82695,3
191,2013,3
191,12506,3
191,9709,5
191,18712,4
191,243938,5
191,114,4
191,10873,4
191,239678,4
191,9427,5
192,8914,3
192,22597,5
192,13411,4
192,43867,5
192,82650,4
192,9302,5
192,97020,4
192,840,5
192,49365,4
192,927,5
192,98357,5
192,254904,4
192,1691,3
192,9913,3
192,242166,5
192,109431,3
192,19556,5
192,26899,3
192,17113,4
192,69270,3
192,87729,5
192,45138,5
192,34697,3
192,1705,5
192,11543,4
192,159037,4
192,26306,3
192,287625,5
193,44853,4
193,152742,5
193,299145,4
193,21014,3
193,58224,5
193,8408,5
193,2084,4
193,242512,4
193,526,5
193,11260,5
193,4513,4
193,841,3
193,11457,5
193,3059,5
193,41233,4
193,8329,4
193,7364,4
193,1562,5
193,576,4
193,256740,3
193,22894,3
193,2280,4
193,18841,5
193,24747,5
193,2024,5
193,251,4
193,83770,4
193,20406,5
194,88751,5
194,274479,3
194,1989,5
194,270946,4
194,232679,5
194,12771,5
194,10280,3
194,66025,4
194,60422,3
194,8780,5
194,44718,3
194,19255,3
194,19904,4
194,270554,5
194,46838,3
194,112937,3
194,45610,4
194,29463,4
194,20024,5
194,11359,5
194,9620,5
194,590,3
194,9104,4
195,323676,4
195,20009,4
195,12281,4
195,82682,4
195,10416,4
195,6007,3
195,13159,4
195,12509,4
195,10383,4
195,8675,3
195,194588,3
195,60421,4
195,14256,4
195,9348,4
195,821,4
195,11086,3
195,1958,4
195,240,4
195,12589,4
195,19366,5
195,11007,3
195,9286,5
195,332,5
195,4147,4
195,17995,4
196,19204,5
196,164457,3
196,26843,3
196,157354,3
196,86829,4
196,172385,3
196,10410,3
196,66767,3
196,45272,3
196,28005,5
196,15017,4
196,136797,4
196,17403,4
196,290370,4
196,84197,4
196,16577,5
196,433715,4
196,98369,5
196,9036,5
196,10985,4
196,10204,4
196,34086,5
196,62764,4
196,152,5
196,10105,3
196,5854,3
196,13685,3
196,61337,4
196,271110,4
196,50135,3
196,157293,5
196,342,4
197,157422,5
197,504,4
197,43942,4
197,10577,3
197,17339,5
197,391,3
197,868,4
197,773,3
197,10377,4
197,22804,3
197,5925,5
197,87827,4
197,76758,4
197,9531,3
197,41144,3
197,253412,4
197,252512,5
197,10053,4
197,11354,4
197,174362,3
197,17182,5
197,10527,3
197,2787,5
197,11901,5
197,10179,3
197,77931,5
197,14164,3
197,10591,4
197,28165,5
197,8202,3
197,150202,3
197,70670,3
197,135397,3
197,39851,5
197,1588,4
197,6171,3
197,2043,4
197,7278,5
197,3604,5
197,205584,4
198,163,4
198,24869,4
198,12486,3
198,304357,5
198,333371,3
198,43593,5
198,1402,3
198,26815,5
198,77459,3
198,11968,5
198,4032,5
198,920,5
198,36648,5
198,27322,4
198,19724,3
198,1979,5
198,72359,4
198,10683,3
198,3028,3
198,7299,5
198,7942,5
198,43595,3
198,21301,3
198,9772,3
198,12610,5
198,244339,4
198,9802,4
198,9766,4
198,125490,3
198,15028,5
199,15365,4
199,11495,4
199,9361,4
199,10386,4
199,71880,5
199,306667,4
199,10375,4
199,11036,4
199,400,5
199,714,5
199,1579,4
199,83686,5
199,18701,5
199,40862,5
199,18892,3
199,12703,3
199,302688,5
199,38093,4
199,184098,3
199,1690,5
199,10197,4
199,13836,3
199,13579,3
199,30973,3
199,10656,4
199,24940,3
199,22825,4
199,14462,3
199,10448,5
199,8467,3
199,57022,3
199,274758,5
199,3028,3
199,82700,3
199,9787,5
199,1123,4
199,327833,5
199,38570,4
199,43653,5
199,9624,3
199,5900,4
199,15189,5
199,259943,5
199,2687,4
199,72766,4
199,19585,5
199,402515,5
199,7553,5
199,58428,4
200,10008,5
200,299552,5
200,7942,4
200,335244,5
200,14854,4
200,818,3
200,228326,4
200,1710,5
200,112456,3
200,199933,4
200,78814,3
200,1831,5
200,297100,5
200,9957,4
200,4133,3
200,184315,4
200,19908,5
200,9821,5
200,68812,5
200,2287,3
200,35056,4
200,10586,3
200,78381,4
200,17202,4
200,138103,5
200,329540,5
200,13778,5
200,73567,5
200,10117,5
200,114150,4
200,11546,5
200,205587,4
200,124606,5
200,714,4
200,10025,4
200,14120,3
200,2841,3
200,11887,5
200,345003,5
200,44754,5
200,4912,4
200,2105,3
200,9075,3
200,46435,3
200,468,5
200,1883,5
200,87827,3
